time,tollgate_id,direction,time_window,date,hour,holiday,volume,weekday,volume_anterior,volume_anterior_2,media_weekday,desvio_weekady,media_dia_hora,desvio_dia_hora
2016-10-18 06:00:00,1,0,"[06:00:00,06:20:00)",2016-10-18,6,False,13,2,0.0,0.0,11.285714285714286,3.9036002917941333,17.0,4.0
2016-10-18 06:00:00,1,1,"[06:00:00,06:20:00)",2016-10-18,6,False,37,2,0.0,0.0,36.0,8.205689083394114,52.0,18.027756377319946
2016-10-18 06:00:00,2,0,"[06:00:00,06:20:00)",2016-10-18,6,False,24,2,0.0,0.0,20.571428571428573,6.6296591882525115,35.333333333333336,11.015141094572202
2016-10-18 06:00:00,3,0,"[06:00:00,06:20:00)",2016-10-18,6,False,30,2,0.0,0.0,28.428571428571427,8.223080178318074,52.333333333333336,28.919428302325297
2016-10-18 06:00:00,3,1,"[06:00:00,06:20:00)",2016-10-18,6,False,23,2,0.0,0.0,18.857142857142858,4.980915960897534,34.0,14.177446878757825
2016-10-18 06:20:00,1,0,"[06:20:00,06:40:00)",2016-10-18,6,False,17,2,13.0,0.0,14.428571428571429,4.429339411136566,17.0,4.0
2016-10-18 06:20:00,1,1,"[06:20:00,06:40:00)",2016-10-18,6,False,47,2,37.0,0.0,40.57142857142857,11.296860077873305,52.0,18.027756377319946
2016-10-18 06:20:00,2,0,"[06:20:00,06:40:00)",2016-10-18,6,False,36,2,24.0,0.0,28.571428571428573,11.816050423853463,35.333333333333336,11.015141094572202
2016-10-18 06:20:00,3,0,"[06:20:00,06:40:00)",2016-10-18,6,False,42,2,30.0,0.0,44.42857142857143,9.58918041087876,52.333333333333336,28.919428302325297
2016-10-18 06:20:00,3,1,"[06:20:00,06:40:00)",2016-10-18,6,False,29,2,23.0,0.0,30.0,11.313708498984761,34.0,14.177446878757825
2016-10-18 06:40:00,1,0,"[06:40:00,07:00:00)",2016-10-18,6,False,21,2,17.0,13.0,19.428571428571427,5.50324579550235,17.0,4.0
2016-10-18 06:40:00,1,1,"[06:40:00,07:00:00)",2016-10-18,6,False,72,2,47.0,37.0,55.142857142857146,11.509830167130637,52.0,18.027756377319946
2016-10-18 06:40:00,2,0,"[06:40:00,07:00:00)",2016-10-18,6,False,46,2,36.0,24.0,42.0,8.563488385776752,35.333333333333336,11.015141094572202
2016-10-18 06:40:00,3,0,"[06:40:00,07:00:00)",2016-10-18,6,False,85,2,42.0,30.0,71.14285714285714,20.73988565886652,52.333333333333336,28.919428302325297
2016-10-18 06:40:00,3,1,"[06:40:00,07:00:00)",2016-10-18,6,False,50,2,29.0,23.0,41.42857142857143,11.414276774536104,34.0,14.177446878757825
2016-10-18 07:00:00,1,0,"[07:00:00,07:20:00)",2016-10-18,7,False,31,2,21.0,17.0,24.714285714285715,8.035634920242991,35.333333333333336,10.214368964029708
2016-10-18 07:00:00,1,1,"[07:00:00,07:20:00)",2016-10-18,7,False,68,2,72.0,47.0,63.0,11.532562594670797,89.0,19.0
2016-10-18 07:00:00,2,0,"[07:00:00,07:20:00)",2016-10-18,7,False,83,2,46.0,36.0,67.0,30.0,89.0,7.211102550927978
2016-10-18 07:00:00,3,0,"[07:00:00,07:20:00)",2016-10-18,7,False,114,2,85.0,42.0,105.71428571428571,32.29403601138702,136.33333333333334,25.423086620891123
2016-10-18 07:00:00,3,1,"[07:00:00,07:20:00)",2016-10-18,7,False,56,2,50.0,29.0,51.285714285714285,13.060299712159312,74.66666666666667,17.61628034896508
2016-10-18 07:20:00,1,0,"[07:20:00,07:40:00)",2016-10-18,7,False,28,2,31.0,21.0,32.142857142857146,6.148944934663492,35.333333333333336,10.214368964029708
2016-10-18 07:20:00,1,1,"[07:20:00,07:40:00)",2016-10-18,7,False,94,2,68.0,72.0,83.28571428571429,29.170271886027425,89.0,19.0
2016-10-18 07:20:00,2,0,"[07:20:00,07:40:00)",2016-10-18,7,False,87,2,83.0,46.0,77.57142857142857,26.67618877611732,89.0,7.211102550927978
2016-10-18 07:20:00,3,0,"[07:20:00,07:40:00)",2016-10-18,7,False,131,2,114.0,85.0,119.14285714285714,28.239620933649064,136.33333333333334,25.423086620891123
2016-10-18 07:20:00,3,1,"[07:20:00,07:40:00)",2016-10-18,7,False,77,2,56.0,50.0,67.0,19.924858845171276,74.66666666666667,17.61628034896508
2016-10-18 07:40:00,1,0,"[07:40:00,08:00:00)",2016-10-18,7,False,47,2,28.0,31.0,38.57142857142857,5.6820519432432395,35.333333333333336,10.214368964029708
2016-10-18 07:40:00,1,1,"[07:40:00,08:00:00)",2016-10-18,7,False,105,2,94.0,68.0,96.0,21.29162589689508,89.0,19.0
2016-10-18 07:40:00,2,0,"[07:40:00,08:00:00)",2016-10-18,7,False,97,2,87.0,83.0,88.28571428571429,29.471535904520287,89.0,7.211102550927978
2016-10-18 07:40:00,3,0,"[07:40:00,08:00:00)",2016-10-18,7,False,164,2,131.0,114.0,129.28571428571428,42.71500238290323,136.33333333333334,25.423086620891123
2016-10-18 07:40:00,3,1,"[07:40:00,08:00:00)",2016-10-18,7,False,91,2,77.0,56.0,85.28571428571429,20.00595149544493,74.66666666666667,17.61628034896508
2016-10-18 15:00:00,1,0,"[15:00:00,15:20:00)",2016-10-18,15,False,52,2,47.0,28.0,46.714285714285715,8.440266301373152,41.666666666666664,9.073771725877465
2016-10-18 15:00:00,1,1,"[15:00:00,15:20:00)",2016-10-18,15,False,72,2,105.0,94.0,92.57142857142857,14.081396034687552,96.66666666666667,22.479620400116485
2016-10-18 15:00:00,2,0,"[15:00:00,15:20:00)",2016-10-18,15,False,74,2,97.0,87.0,75.57142857142857,8.423323628614833,68.33333333333333,13.428824718989123
2016-10-18 15:00:00,3,0,"[15:00:00,15:20:00)",2016-10-18,15,False,116,2,164.0,131.0,115.85714285714286,16.014874038723832,103.0,14.730919862656235
2016-10-18 15:00:00,3,1,"[15:00:00,15:20:00)",2016-10-18,15,False,81,2,91.0,77.0,97.57142857142857,22.31484664864137,85.0,5.291502622129181
2016-10-18 15:20:00,1,0,"[15:20:00,15:40:00)",2016-10-18,15,False,38,2,52.0,47.0,45.857142857142854,10.040394604273471,41.666666666666664,9.073771725877465
2016-10-18 15:20:00,1,1,"[15:20:00,15:40:00)",2016-10-18,15,False,102,2,72.0,105.0,103.14285714285714,14.076322571710877,96.66666666666667,22.479620400116485
2016-10-18 15:20:00,2,0,"[15:20:00,15:40:00)",2016-10-18,15,False,78,2,74.0,97.0,76.42857142857143,4.466808810815722,68.33333333333333,13.428824718989123
2016-10-18 15:20:00,3,0,"[15:20:00,15:40:00)",2016-10-18,15,False,87,2,116.0,164.0,110.14285714285714,26.598424586358316,103.0,14.730919862656235
2016-10-18 15:20:00,3,1,"[15:20:00,15:40:00)",2016-10-18,15,False,91,2,81.0,91.0,100.71428571428571,11.426785574754984,85.0,5.291502622129181
2016-10-18 15:40:00,1,0,"[15:40:00,16:00:00)",2016-10-18,15,False,35,2,38.0,52.0,45.857142857142854,12.212405870378577,41.666666666666664,9.073771725877465
2016-10-18 15:40:00,1,1,"[15:40:00,16:00:00)",2016-10-18,15,False,116,2,102.0,72.0,109.85714285714286,13.606721028332181,96.66666666666667,22.479620400116485
2016-10-18 15:40:00,2,0,"[15:40:00,16:00:00)",2016-10-18,15,False,53,2,78.0,74.0,68.42857142857143,12.895181824453436,68.33333333333333,13.428824718989123
2016-10-18 15:40:00,3,0,"[15:40:00,16:00:00)",2016-10-18,15,False,106,2,87.0,116.0,116.85714285714286,21.19299075503165,103.0,14.730919862656235
2016-10-18 15:40:00,3,1,"[15:40:00,16:00:00)",2016-10-18,15,False,83,2,91.0,81.0,84.14285714285714,10.270160197201912,85.0,5.291502622129181
2016-10-18 16:00:00,1,0,"[16:00:00,16:20:00)",2016-10-18,16,False,57,2,35.0,38.0,51.0,7.852812659593163,51.666666666666664,6.110100926607787
2016-10-18 16:00:00,1,1,"[16:00:00,16:20:00)",2016-10-18,16,False,102,2,116.0,102.0,99.0,9.72967967955095,99.66666666666667,14.640127503998498
2016-10-18 16:00:00,2,0,"[16:00:00,16:20:00)",2016-10-18,16,False,62,2,53.0,78.0,67.57142857142857,9.536895771286428,69.33333333333333,11.846237095944575
2016-10-18 16:00:00,3,0,"[16:00:00,16:20:00)",2016-10-18,16,False,109,2,106.0,87.0,120.85714285714286,15.89998502544967,114.66666666666667,4.932882862316246
2016-10-18 16:00:00,3,1,"[16:00:00,16:20:00)",2016-10-18,16,False,84,2,83.0,91.0,89.42857142857143,8.243323416704026,86.33333333333333,4.932882862316246
2016-10-18 16:20:00,1,0,"[16:20:00,16:40:00)",2016-10-18,16,False,45,2,57.0,35.0,50.0,10.376254944182254,51.666666666666664,6.110100926607787
2016-10-18 16:20:00,1,1,"[16:20:00,16:40:00)",2016-10-18,16,False,84,2,102.0,116.0,95.28571428571429,15.892495983055289,99.66666666666667,14.640127503998498
2016-10-18 16:20:00,2,0,"[16:20:00,16:40:00)",2016-10-18,16,False,63,2,62.0,53.0,71.71428571428571,12.147898113312795,69.33333333333333,11.846237095944575
2016-10-18 16:20:00,3,0,"[16:20:00,16:40:00)",2016-10-18,16,False,117,2,109.0,106.0,115.0,17.339742404853272,114.66666666666667,4.932882862316246
2016-10-18 16:20:00,3,1,"[16:20:00,16:40:00)",2016-10-18,16,False,92,2,84.0,83.0,85.71428571428571,7.54352450150206,86.33333333333333,4.932882862316246
2016-10-18 16:40:00,1,0,"[16:40:00,17:00:00)",2016-10-18,16,False,53,2,45.0,57.0,50.57142857142857,12.190941211368695,51.666666666666664,6.110100926607787
2016-10-18 16:40:00,1,1,"[16:40:00,17:00:00)",2016-10-18,16,False,113,2,84.0,102.0,102.28571428571429,14.795430439996057,99.66666666666667,14.640127503998498
2016-10-18 16:40:00,2,0,"[16:40:00,17:00:00)",2016-10-18,16,False,83,2,63.0,62.0,72.85714285714286,8.355209381548963,69.33333333333333,11.846237095944575
2016-10-18 16:40:00,3,0,"[16:40:00,17:00:00)",2016-10-18,16,False,118,2,117.0,109.0,125.42857142857143,24.636403571795558,114.66666666666667,4.932882862316246
2016-10-18 16:40:00,3,1,"[16:40:00,17:00:00)",2016-10-18,16,False,83,2,92.0,84.0,88.85714285714286,11.186726828829652,86.33333333333333,4.932882862316246
2016-10-19 06:00:00,1,0,"[06:00:00,06:20:00)",2016-10-19,6,False,12,3,53.0,45.0,11.285714285714286,3.9036002917941333,15.0,2.6457513110645907
2016-10-19 06:00:00,1,1,"[06:00:00,06:20:00)",2016-10-19,6,False,48,3,113.0,84.0,36.0,8.205689083394114,44.333333333333336,14.843629385474879
2016-10-19 06:00:00,2,0,"[06:00:00,06:20:00)",2016-10-19,6,False,26,3,83.0,63.0,20.571428571428573,6.6296591882525115,39.333333333333336,11.590225767142472
2016-10-19 06:00:00,3,0,"[06:00:00,06:20:00)",2016-10-19,6,False,24,3,118.0,117.0,28.428571428571427,8.223080178318074,52.0,25.865034312755125
2016-10-19 06:00:00,3,1,"[06:00:00,06:20:00)",2016-10-19,6,False,21,3,83.0,92.0,18.857142857142858,4.980915960897534,30.0,11.532562594670797
2016-10-19 06:20:00,1,0,"[06:20:00,06:40:00)",2016-10-19,6,False,16,3,12.0,53.0,14.428571428571429,4.429339411136566,15.0,2.6457513110645907
2016-10-19 06:20:00,1,1,"[06:20:00,06:40:00)",2016-10-19,6,False,28,3,48.0,113.0,40.57142857142857,11.296860077873305,44.333333333333336,14.843629385474879
2016-10-19 06:20:00,2,0,"[06:20:00,06:40:00)",2016-10-19,6,False,45,3,26.0,83.0,28.571428571428573,11.816050423853463,39.333333333333336,11.590225767142472
2016-10-19 06:20:00,3,0,"[06:20:00,06:40:00)",2016-10-19,6,False,57,3,24.0,118.0,44.42857142857143,9.58918041087876,52.0,25.865034312755125
2016-10-19 06:20:00,3,1,"[06:20:00,06:40:00)",2016-10-19,6,False,26,3,21.0,83.0,30.0,11.313708498984761,30.0,11.532562594670797
2016-10-19 06:40:00,1,0,"[06:40:00,07:00:00)",2016-10-19,6,False,17,3,16.0,12.0,19.428571428571427,5.50324579550235,15.0,2.6457513110645907
2016-10-19 06:40:00,1,1,"[06:40:00,07:00:00)",2016-10-19,6,False,57,3,28.0,48.0,55.142857142857146,11.509830167130637,44.333333333333336,14.843629385474879
2016-10-19 06:40:00,2,0,"[06:40:00,07:00:00)",2016-10-19,6,False,47,3,45.0,26.0,42.0,8.563488385776752,39.333333333333336,11.590225767142472
2016-10-19 06:40:00,3,0,"[06:40:00,07:00:00)",2016-10-19,6,False,75,3,57.0,24.0,71.14285714285714,20.73988565886652,52.0,25.865034312755125
2016-10-19 06:40:00,3,1,"[06:40:00,07:00:00)",2016-10-19,6,False,43,3,26.0,21.0,41.42857142857143,11.414276774536104,30.0,11.532562594670797
2016-10-19 07:00:00,1,0,"[07:00:00,07:20:00)",2016-10-19,7,False,22,3,17.0,16.0,24.714285714285715,8.035634920242991,33.666666666666664,10.214368964029708
2016-10-19 07:00:00,1,1,"[07:00:00,07:20:00)",2016-10-19,7,False,67,3,57.0,28.0,63.0,11.532562594670797,89.33333333333333,19.5021366350801
2016-10-19 07:00:00,2,0,"[07:00:00,07:20:00)",2016-10-19,7,False,87,3,47.0,45.0,67.0,30.0,93.66666666666667,6.110100926607785
2016-10-19 07:00:00,3,0,"[07:00:00,07:20:00)",2016-10-19,7,False,119,3,75.0,57.0,105.71428571428571,32.29403601138702,136.0,16.522711641858304
2016-10-19 07:00:00,3,1,"[07:00:00,07:20:00)",2016-10-19,7,False,53,3,43.0,26.0,51.285714285714285,13.060299712159312,73.33333333333333,27.02468007827907
2016-10-19 07:20:00,1,0,"[07:20:00,07:40:00)",2016-10-19,7,False,38,3,22.0,17.0,32.142857142857146,6.148944934663492,33.666666666666664,10.214368964029708
2016-10-19 07:20:00,1,1,"[07:20:00,07:40:00)",2016-10-19,7,False,98,3,67.0,57.0,83.28571428571429,29.170271886027425,89.33333333333333,19.5021366350801
2016-10-19 07:20:00,2,0,"[07:20:00,07:40:00)",2016-10-19,7,False,95,3,87.0,47.0,77.57142857142857,26.67618877611732,93.66666666666667,6.110100926607785
2016-10-19 07:20:00,3,0,"[07:20:00,07:40:00)",2016-10-19,7,False,137,3,119.0,75.0,119.14285714285714,28.239620933649064,136.0,16.522711641858304
2016-10-19 07:20:00,3,1,"[07:20:00,07:40:00)",2016-10-19,7,False,63,3,53.0,43.0,67.0,19.924858845171276,73.33333333333333,27.02468007827907
2016-10-19 07:40:00,1,0,"[07:40:00,08:00:00)",2016-10-19,7,False,41,3,38.0,22.0,38.57142857142857,5.6820519432432395,33.666666666666664,10.214368964029708
2016-10-19 07:40:00,1,1,"[07:40:00,08:00:00)",2016-10-19,7,False,103,3,98.0,67.0,96.0,21.29162589689508,89.33333333333333,19.5021366350801
2016-10-19 07:40:00,2,0,"[07:40:00,08:00:00)",2016-10-19,7,False,99,3,95.0,87.0,88.28571428571429,29.471535904520287,93.66666666666667,6.110100926607785
2016-10-19 07:40:00,3,0,"[07:40:00,08:00:00)",2016-10-19,7,False,152,3,137.0,119.0,129.28571428571428,42.71500238290323,136.0,16.522711641858304
2016-10-19 07:40:00,3,1,"[07:40:00,08:00:00)",2016-10-19,7,False,104,3,63.0,53.0,85.28571428571429,20.00595149544493,73.33333333333333,27.02468007827907
2016-10-19 15:00:00,1,0,"[15:00:00,15:20:00)",2016-10-19,15,False,40,3,41.0,38.0,46.714285714285715,8.440266301373152,41.333333333333336,8.08290376865476
2016-10-19 15:00:00,1,1,"[15:00:00,15:20:00)",2016-10-19,15,False,83,3,103.0,98.0,92.57142857142857,14.081396034687552,91.33333333333333,8.020806277010644
2016-10-19 15:00:00,2,0,"[15:00:00,15:20:00)",2016-10-19,15,False,70,3,99.0,95.0,75.57142857142857,8.423323628614833,65.66666666666667,6.658328118479394
2016-10-19 15:00:00,3,0,"[15:00:00,15:20:00)",2016-10-19,15,False,107,3,152.0,137.0,115.85714285714286,16.014874038723832,99.33333333333333,6.658328118479392
2016-10-19 15:00:00,3,1,"[15:00:00,15:20:00)",2016-10-19,15,False,99,3,104.0,63.0,97.57142857142857,22.31484664864137,95.33333333333333,14.843629385474877
2016-10-19 15:20:00,1,0,"[15:20:00,15:40:00)",2016-10-19,15,False,34,3,40.0,41.0,45.857142857142854,10.040394604273471,41.333333333333336,8.08290376865476
2016-10-19 15:20:00,1,1,"[15:20:00,15:40:00)",2016-10-19,15,False,99,3,83.0,103.0,103.14285714285714,14.076322571710877,91.33333333333333,8.020806277010644
2016-10-19 15:20:00,2,0,"[15:20:00,15:40:00)",2016-10-19,15,False,69,3,70.0,99.0,76.42857142857143,4.466808810815722,65.66666666666667,6.658328118479394
2016-10-19 15:20:00,3,0,"[15:20:00,15:40:00)",2016-10-19,15,False,96,3,107.0,152.0,110.14285714285714,26.598424586358316,99.33333333333333,6.658328118479392
2016-10-19 15:20:00,3,1,"[15:20:00,15:40:00)",2016-10-19,15,False,108,3,99.0,104.0,100.71428571428571,11.426785574754984,95.33333333333333,14.843629385474877
2016-10-19 15:40:00,1,0,"[15:40:00,16:00:00)",2016-10-19,15,False,50,3,34.0,40.0,45.857142857142854,12.212405870378577,41.333333333333336,8.08290376865476
2016-10-19 15:40:00,1,1,"[15:40:00,16:00:00)",2016-10-19,15,False,92,3,99.0,83.0,109.85714285714286,13.606721028332181,91.33333333333333,8.020806277010644
2016-10-19 15:40:00,2,0,"[15:40:00,16:00:00)",2016-10-19,15,False,58,3,69.0,70.0,68.42857142857143,12.895181824453436,65.66666666666667,6.658328118479394
2016-10-19 15:40:00,3,0,"[15:40:00,16:00:00)",2016-10-19,15,False,95,3,96.0,107.0,116.85714285714286,21.19299075503165,99.33333333333333,6.658328118479392
2016-10-19 15:40:00,3,1,"[15:40:00,16:00:00)",2016-10-19,15,False,79,3,108.0,99.0,84.14285714285714,10.270160197201912,95.33333333333333,14.843629385474877
2016-10-19 16:00:00,1,0,"[16:00:00,16:20:00)",2016-10-19,16,False,39,3,50.0,34.0,51.0,7.852812659593163,38.333333333333336,2.0816659994661335
2016-10-19 16:00:00,1,1,"[16:00:00,16:20:00)",2016-10-19,16,False,82,3,92.0,99.0,99.0,9.72967967955095,82.33333333333333,2.516611478423585
2016-10-19 16:00:00,2,0,"[16:00:00,16:20:00)",2016-10-19,16,False,55,3,58.0,69.0,67.57142857142857,9.536895771286428,60.0,4.58257569495584
2016-10-19 16:00:00,3,0,"[16:00:00,16:20:00)",2016-10-19,16,False,109,3,95.0,96.0,120.85714285714286,15.89998502544967,103.0,7.211102550927978
2016-10-19 16:00:00,3,1,"[16:00:00,16:20:00)",2016-10-19,16,False,82,3,79.0,108.0,89.42857142857143,8.243323416704026,82.0,7.0
2016-10-19 16:20:00,1,0,"[16:20:00,16:40:00)",2016-10-19,16,False,40,3,39.0,50.0,50.0,10.376254944182254,38.333333333333336,2.0816659994661335
2016-10-19 16:20:00,1,1,"[16:20:00,16:40:00)",2016-10-19,16,False,80,3,82.0,92.0,95.28571428571429,15.892495983055289,82.33333333333333,2.516611478423585
2016-10-19 16:20:00,2,0,"[16:20:00,16:40:00)",2016-10-19,16,False,61,3,55.0,58.0,71.71428571428571,12.147898113312795,60.0,4.58257569495584
2016-10-19 16:20:00,3,0,"[16:20:00,16:40:00)",2016-10-19,16,False,105,3,109.0,95.0,115.0,17.339742404853272,103.0,7.211102550927978
2016-10-19 16:20:00,3,1,"[16:20:00,16:40:00)",2016-10-19,16,False,89,3,82.0,79.0,85.71428571428571,7.54352450150206,82.0,7.0
2016-10-19 16:40:00,1,0,"[16:40:00,17:00:00)",2016-10-19,16,False,36,3,40.0,39.0,50.57142857142857,12.190941211368695,38.333333333333336,2.0816659994661335
2016-10-19 16:40:00,1,1,"[16:40:00,17:00:00)",2016-10-19,16,False,85,3,80.0,82.0,102.28571428571429,14.795430439996057,82.33333333333333,2.516611478423585
2016-10-19 16:40:00,2,0,"[16:40:00,17:00:00)",2016-10-19,16,False,64,3,61.0,55.0,72.85714285714286,8.355209381548963,60.0,4.58257569495584
2016-10-19 16:40:00,3,0,"[16:40:00,17:00:00)",2016-10-19,16,False,95,3,105.0,109.0,125.42857142857143,24.636403571795558,103.0,7.211102550927978
2016-10-19 16:40:00,3,1,"[16:40:00,17:00:00)",2016-10-19,16,False,75,3,89.0,82.0,88.85714285714286,11.186726828829652,82.0,7.0
2016-10-20 06:00:00,1,0,"[06:00:00,06:20:00)",2016-10-20,6,False,8,4,36.0,40.0,11.285714285714286,3.9036002917941333,15.666666666666666,7.505553499465135
2016-10-20 06:00:00,1,1,"[06:00:00,06:20:00)",2016-10-20,6,False,46,4,85.0,80.0,36.0,8.205689083394114,42.666666666666664,14.294521094927713
2016-10-20 06:00:00,2,0,"[06:00:00,06:20:00)",2016-10-20,6,False,21,4,64.0,61.0,20.571428571428573,6.6296591882525115,28.666666666666668,11.590225767142472
2016-10-20 06:00:00,3,0,"[06:00:00,06:20:00)",2016-10-20,6,False,37,4,95.0,105.0,28.428571428571427,8.223080178318074,51.333333333333336,19.087517736293876
2016-10-20 06:00:00,3,1,"[06:00:00,06:20:00)",2016-10-20,6,False,16,4,75.0,89.0,18.857142857142858,4.980915960897534,34.0,16.703293088490067
2016-10-20 06:20:00,1,0,"[06:20:00,06:40:00)",2016-10-20,6,False,16,4,8.0,36.0,14.428571428571429,4.429339411136566,15.666666666666666,7.505553499465135
2016-10-20 06:20:00,1,1,"[06:20:00,06:40:00)",2016-10-20,6,False,27,4,46.0,85.0,40.57142857142857,11.296860077873305,42.666666666666664,14.294521094927713
2016-10-20 06:20:00,2,0,"[06:20:00,06:40:00)",2016-10-20,6,False,23,4,21.0,64.0,28.571428571428573,11.816050423853463,28.666666666666668,11.590225767142472
2016-10-20 06:20:00,3,0,"[06:20:00,06:40:00)",2016-10-20,6,False,44,4,37.0,95.0,44.42857142857143,9.58918041087876,51.333333333333336,19.087517736293876
2016-10-20 06:20:00,3,1,"[06:20:00,06:40:00)",2016-10-20,6,False,49,4,16.0,75.0,30.0,11.313708498984761,34.0,16.703293088490067
2016-10-20 06:40:00,1,0,"[06:40:00,07:00:00)",2016-10-20,6,False,23,4,16.0,8.0,19.428571428571427,5.50324579550235,15.666666666666666,7.505553499465135
2016-10-20 06:40:00,1,1,"[06:40:00,07:00:00)",2016-10-20,6,False,55,4,27.0,46.0,55.142857142857146,11.509830167130637,42.666666666666664,14.294521094927713
2016-10-20 06:40:00,2,0,"[06:40:00,07:00:00)",2016-10-20,6,False,42,4,23.0,21.0,42.0,8.563488385776752,28.666666666666668,11.590225767142472
2016-10-20 06:40:00,3,0,"[06:40:00,07:00:00)",2016-10-20,6,False,73,4,44.0,37.0,71.14285714285714,20.73988565886652,51.333333333333336,19.087517736293876
2016-10-20 06:40:00,3,1,"[06:40:00,07:00:00)",2016-10-20,6,False,37,4,49.0,16.0,41.42857142857143,11.414276774536104,34.0,16.703293088490067
2016-10-20 07:00:00,1,0,"[07:00:00,07:20:00)",2016-10-20,7,False,22,4,23.0,16.0,24.714285714285715,8.035634920242991,30.666666666666668,7.767453465154029
2016-10-20 07:00:00,1,1,"[07:00:00,07:20:00)",2016-10-20,7,False,71,4,55.0,27.0,63.0,11.532562594670797,90.0,20.074859899884732
2016-10-20 07:00:00,2,0,"[07:00:00,07:20:00)",2016-10-20,7,False,76,4,42.0,23.0,67.0,30.0,92.33333333333333,18.23001188516709
2016-10-20 07:00:00,3,0,"[07:00:00,07:20:00)",2016-10-20,7,False,114,4,73.0,44.0,105.71428571428571,32.29403601138702,119.0,4.58257569495584
2016-10-20 07:00:00,3,1,"[07:00:00,07:20:00)",2016-10-20,7,False,47,4,37.0,49.0,51.285714285714285,13.060299712159312,70.33333333333333,29.87194893764606
2016-10-20 07:20:00,1,0,"[07:20:00,07:40:00)",2016-10-20,7,False,33,4,22.0,23.0,32.142857142857146,6.148944934663492,30.666666666666668,7.767453465154029
2016-10-20 07:20:00,1,1,"[07:20:00,07:40:00)",2016-10-20,7,False,88,4,71.0,55.0,83.28571428571429,29.170271886027425,90.0,20.074859899884732
2016-10-20 07:20:00,2,0,"[07:20:00,07:40:00)",2016-10-20,7,False,89,4,76.0,42.0,77.57142857142857,26.67618877611732,92.33333333333333,18.23001188516709
2016-10-20 07:20:00,3,0,"[07:20:00,07:40:00)",2016-10-20,7,False,123,4,114.0,73.0,119.14285714285714,28.239620933649064,119.0,4.58257569495584
2016-10-20 07:20:00,3,1,"[07:20:00,07:40:00)",2016-10-20,7,False,60,4,47.0,37.0,67.0,19.924858845171276,70.33333333333333,29.87194893764606
2016-10-20 07:40:00,1,0,"[07:40:00,08:00:00)",2016-10-20,7,False,37,4,33.0,22.0,38.57142857142857,5.6820519432432395,30.666666666666668,7.767453465154029
2016-10-20 07:40:00,1,1,"[07:40:00,08:00:00)",2016-10-20,7,False,111,4,88.0,71.0,96.0,21.29162589689508,90.0,20.074859899884732
2016-10-20 07:40:00,2,0,"[07:40:00,08:00:00)",2016-10-20,7,False,112,4,89.0,76.0,88.28571428571429,29.471535904520287,92.33333333333333,18.23001188516709
2016-10-20 07:40:00,3,0,"[07:40:00,08:00:00)",2016-10-20,7,False,120,4,123.0,114.0,129.28571428571428,42.71500238290323,119.0,4.58257569495584
2016-10-20 07:40:00,3,1,"[07:40:00,08:00:00)",2016-10-20,7,False,104,4,60.0,47.0,85.28571428571429,20.00595149544493,70.33333333333333,29.87194893764606
2016-10-20 15:00:00,1,0,"[15:00:00,15:20:00)",2016-10-20,15,False,40,4,37.0,33.0,46.714285714285715,8.440266301373152,41.0,1.0
2016-10-20 15:00:00,1,1,"[15:00:00,15:20:00)",2016-10-20,15,False,97,4,111.0,88.0,92.57142857142857,14.081396034687552,110.66666666666667,12.096831541082702
2016-10-20 15:00:00,2,0,"[15:00:00,15:20:00)",2016-10-20,15,False,72,4,112.0,89.0,75.57142857142857,8.423323628614833,73.66666666666667,4.72581562625261
2016-10-20 15:00:00,3,0,"[15:00:00,15:20:00)",2016-10-20,15,False,92,4,120.0,123.0,115.85714285714286,16.014874038723832,102.33333333333333,8.962886439832502
2016-10-20 15:00:00,3,1,"[15:00:00,15:20:00)",2016-10-20,15,False,100,4,104.0,60.0,97.57142857142857,22.31484664864137,93.0,16.64331697709324
2016-10-20 15:20:00,1,0,"[15:20:00,15:40:00)",2016-10-20,15,False,41,4,40.0,37.0,45.857142857142854,10.040394604273471,41.0,1.0
2016-10-20 15:20:00,1,1,"[15:20:00,15:40:00)",2016-10-20,15,False,115,4,97.0,111.0,103.14285714285714,14.076322571710877,110.66666666666667,12.096831541082702
2016-10-20 15:20:00,2,0,"[15:20:00,15:40:00)",2016-10-20,15,False,79,4,72.0,112.0,76.42857142857143,4.466808810815722,73.66666666666667,4.72581562625261
2016-10-20 15:20:00,3,0,"[15:20:00,15:40:00)",2016-10-20,15,False,107,4,92.0,120.0,110.14285714285714,26.598424586358316,102.33333333333333,8.962886439832502
2016-10-20 15:20:00,3,1,"[15:20:00,15:40:00)",2016-10-20,15,False,105,4,100.0,104.0,100.71428571428571,11.426785574754984,93.0,16.64331697709324
2016-10-20 15:40:00,1,0,"[15:40:00,16:00:00)",2016-10-20,15,False,42,4,41.0,40.0,45.857142857142854,12.212405870378577,41.0,1.0
2016-10-20 15:40:00,1,1,"[15:40:00,16:00:00)",2016-10-20,15,False,120,4,115.0,97.0,109.85714285714286,13.606721028332181,110.66666666666667,12.096831541082702
2016-10-20 15:40:00,2,0,"[15:40:00,16:00:00)",2016-10-20,15,False,70,4,79.0,72.0,68.42857142857143,12.895181824453436,73.66666666666667,4.72581562625261
2016-10-20 15:40:00,3,0,"[15:40:00,16:00:00)",2016-10-20,15,False,108,4,107.0,92.0,116.85714285714286,21.19299075503165,102.33333333333333,8.962886439832502
2016-10-20 15:40:00,3,1,"[15:40:00,16:00:00)",2016-10-20,15,False,74,4,105.0,100.0,84.14285714285714,10.270160197201912,93.0,16.64331697709324
2016-10-20 16:00:00,1,0,"[16:00:00,16:20:00)",2016-10-20,16,False,46,4,42.0,41.0,51.0,7.852812659593163,39.666666666666664,5.507570547286101
2016-10-20 16:00:00,1,1,"[16:00:00,16:20:00)",2016-10-20,16,False,90,4,120.0,115.0,99.0,9.72967967955095,94.0,23.259406699226016
2016-10-20 16:00:00,2,0,"[16:00:00,16:20:00)",2016-10-20,16,False,66,4,70.0,79.0,67.57142857142857,9.536895771286428,69.33333333333333,4.93288286231625
2016-10-20 16:00:00,3,0,"[16:00:00,16:20:00)",2016-10-20,16,False,121,4,108.0,107.0,120.85714285714286,15.89998502544967,124.66666666666667,20.744477176668813
2016-10-20 16:00:00,3,1,"[16:00:00,16:20:00)",2016-10-20,16,False,92,4,74.0,105.0,89.42857142857143,8.243323416704026,88.0,4.0
2016-10-20 16:20:00,1,0,"[16:20:00,16:40:00)",2016-10-20,16,False,36,4,46.0,42.0,50.0,10.376254944182254,39.666666666666664,5.507570547286101
2016-10-20 16:20:00,1,1,"[16:20:00,16:40:00)",2016-10-20,16,False,73,4,90.0,120.0,95.28571428571429,15.892495983055289,94.0,23.259406699226016
2016-10-20 16:20:00,2,0,"[16:20:00,16:40:00)",2016-10-20,16,False,67,4,66.0,70.0,71.71428571428571,12.147898113312795,69.33333333333333,4.93288286231625
2016-10-20 16:20:00,3,0,"[16:20:00,16:40:00)",2016-10-20,16,False,106,4,121.0,108.0,115.0,17.339742404853272,124.66666666666667,20.744477176668813
2016-10-20 16:20:00,3,1,"[16:20:00,16:40:00)",2016-10-20,16,False,84,4,92.0,74.0,85.71428571428571,7.54352450150206,88.0,4.0
2016-10-20 16:40:00,1,0,"[16:40:00,17:00:00)",2016-10-20,16,False,37,4,36.0,46.0,50.57142857142857,12.190941211368695,39.666666666666664,5.507570547286101
2016-10-20 16:40:00,1,1,"[16:40:00,17:00:00)",2016-10-20,16,False,119,4,73.0,90.0,102.28571428571429,14.795430439996057,94.0,23.259406699226016
2016-10-20 16:40:00,2,0,"[16:40:00,17:00:00)",2016-10-20,16,False,75,4,67.0,66.0,72.85714285714286,8.355209381548963,69.33333333333333,4.93288286231625
2016-10-20 16:40:00,3,0,"[16:40:00,17:00:00)",2016-10-20,16,False,147,4,106.0,121.0,125.42857142857143,24.636403571795558,124.66666666666667,20.744477176668813
2016-10-20 16:40:00,3,1,"[16:40:00,17:00:00)",2016-10-20,16,False,88,4,84.0,92.0,88.85714285714286,11.186726828829652,88.0,4.0
2016-10-21 06:00:00,1,0,"[06:00:00,06:20:00)",2016-10-21,6,False,8,5,37.0,36.0,11.285714285714286,3.9036002917941333,14.0,6.557438524302
2016-10-21 06:00:00,1,1,"[06:00:00,06:20:00)",2016-10-21,6,False,33,5,119.0,73.0,36.0,8.205689083394114,42.0,10.816653826391969
2016-10-21 06:00:00,2,0,"[06:00:00,06:20:00)",2016-10-21,6,False,16,5,75.0,67.0,20.571428571428573,6.6296591882525115,26.333333333333332,11.67618659209133
2016-10-21 06:00:00,3,0,"[06:00:00,06:20:00)",2016-10-21,6,False,22,5,147.0,106.0,28.428571428571427,8.223080178318074,45.666666666666664,22.18858565419016
2016-10-21 06:00:00,3,1,"[06:00:00,06:20:00)",2016-10-21,6,False,21,5,88.0,84.0,18.857142857142858,4.980915960897534,30.333333333333332,10.692676621563628
2016-10-21 06:20:00,1,0,"[06:20:00,06:40:00)",2016-10-21,6,False,13,5,8.0,37.0,14.428571428571429,4.429339411136566,14.0,6.557438524302
2016-10-21 06:20:00,1,1,"[06:20:00,06:40:00)",2016-10-21,6,False,39,5,33.0,119.0,40.57142857142857,11.296860077873305,42.0,10.816653826391969
2016-10-21 06:20:00,2,0,"[06:20:00,06:40:00)",2016-10-21,6,False,24,5,16.0,75.0,28.571428571428573,11.816050423853463,26.333333333333332,11.67618659209133
2016-10-21 06:20:00,3,0,"[06:20:00,06:40:00)",2016-10-21,6,False,49,5,22.0,147.0,44.42857142857143,9.58918041087876,45.666666666666664,22.18858565419016
2016-10-21 06:20:00,3,1,"[06:20:00,06:40:00)",2016-10-21,6,False,28,5,21.0,88.0,30.0,11.313708498984761,30.333333333333332,10.692676621563628
2016-10-21 06:40:00,1,0,"[06:40:00,07:00:00)",2016-10-21,6,False,21,5,13.0,8.0,19.428571428571427,5.50324579550235,14.0,6.557438524302
2016-10-21 06:40:00,1,1,"[06:40:00,07:00:00)",2016-10-21,6,False,54,5,39.0,33.0,55.142857142857146,11.509830167130637,42.0,10.816653826391969
2016-10-21 06:40:00,2,0,"[06:40:00,07:00:00)",2016-10-21,6,False,39,5,24.0,16.0,42.0,8.563488385776752,26.333333333333332,11.67618659209133
2016-10-21 06:40:00,3,0,"[06:40:00,07:00:00)",2016-10-21,6,False,66,5,49.0,22.0,71.14285714285714,20.73988565886652,45.666666666666664,22.18858565419016
2016-10-21 06:40:00,3,1,"[06:40:00,07:00:00)",2016-10-21,6,False,42,5,28.0,21.0,41.42857142857143,11.414276774536104,30.333333333333332,10.692676621563628
2016-10-21 07:00:00,1,0,"[07:00:00,07:20:00)",2016-10-21,7,False,32,5,21.0,13.0,24.714285714285715,8.035634920242991,37.0,4.58257569495584
2016-10-21 07:00:00,1,1,"[07:00:00,07:20:00)",2016-10-21,7,False,65,5,54.0,39.0,63.0,11.532562594670797,84.66666666666667,18.610033136277146
2016-10-21 07:00:00,2,0,"[07:00:00,07:20:00)",2016-10-21,7,False,66,5,39.0,24.0,67.0,30.0,77.66666666666667,12.013880860626731
2016-10-21 07:00:00,3,0,"[07:00:00,07:20:00)",2016-10-21,7,False,116,5,66.0,49.0,105.71428571428571,32.29403601138702,135.33333333333334,19.502136635080095
2016-10-21 07:00:00,3,1,"[07:00:00,07:20:00)",2016-10-21,7,False,54,5,42.0,28.0,51.285714285714285,13.060299712159312,69.66666666666667,13.650396819628845
2016-10-21 07:20:00,1,0,"[07:20:00,07:40:00)",2016-10-21,7,False,41,5,32.0,21.0,32.142857142857146,6.148944934663492,37.0,4.58257569495584
2016-10-21 07:20:00,1,1,"[07:20:00,07:40:00)",2016-10-21,7,False,102,5,65.0,54.0,83.28571428571429,29.170271886027425,84.66666666666667,18.610033136277146
2016-10-21 07:20:00,2,0,"[07:20:00,07:40:00)",2016-10-21,7,False,77,5,66.0,39.0,77.57142857142857,26.67618877611732,77.66666666666667,12.013880860626731
2016-10-21 07:20:00,3,0,"[07:20:00,07:40:00)",2016-10-21,7,False,135,5,116.0,66.0,119.14285714285714,28.239620933649064,135.33333333333334,19.502136635080095
2016-10-21 07:20:00,3,1,"[07:20:00,07:40:00)",2016-10-21,7,False,76,5,54.0,42.0,67.0,19.924858845171276,69.66666666666667,13.650396819628845
2016-10-21 07:40:00,1,0,"[07:40:00,08:00:00)",2016-10-21,7,False,38,5,41.0,32.0,38.57142857142857,5.6820519432432395,37.0,4.58257569495584
2016-10-21 07:40:00,1,1,"[07:40:00,08:00:00)",2016-10-21,7,False,87,5,102.0,65.0,96.0,21.29162589689508,84.66666666666667,18.610033136277146
2016-10-21 07:40:00,2,0,"[07:40:00,08:00:00)",2016-10-21,7,False,90,5,77.0,66.0,88.28571428571429,29.471535904520287,77.66666666666667,12.013880860626731
2016-10-21 07:40:00,3,0,"[07:40:00,08:00:00)",2016-10-21,7,False,155,5,135.0,116.0,129.28571428571428,42.71500238290323,135.33333333333334,19.502136635080095
2016-10-21 07:40:00,3,1,"[07:40:00,08:00:00)",2016-10-21,7,False,79,5,76.0,54.0,85.28571428571429,20.00595149544493,69.66666666666667,13.650396819628845
2016-10-21 15:00:00,1,0,"[15:00:00,15:20:00)",2016-10-21,15,False,47,5,38.0,41.0,46.714285714285715,8.440266301373152,50.333333333333336,4.163331998932264
2016-10-21 15:00:00,1,1,"[15:00:00,15:20:00)",2016-10-21,15,False,113,5,87.0,102.0,92.57142857142857,14.081396034687552,116.0,11.789826122551595
2016-10-21 15:00:00,2,0,"[15:00:00,15:20:00)",2016-10-21,15,False,93,5,90.0,77.0,75.57142857142857,8.423323628614833,87.0,9.539392014169456
2016-10-21 15:00:00,3,0,"[15:00:00,15:20:00)",2016-10-21,15,False,127,5,155.0,135.0,115.85714285714286,16.014874038723832,150.66666666666666,21.22105872319601
2016-10-21 15:00:00,3,1,"[15:00:00,15:20:00)",2016-10-21,15,False,113,5,79.0,76.0,97.57142857142857,22.31484664864137,103.0,8.888194417315589
2016-10-21 15:20:00,1,0,"[15:20:00,15:40:00)",2016-10-21,15,False,49,5,47.0,38.0,45.857142857142854,10.040394604273471,50.333333333333336,4.163331998932264
2016-10-21 15:20:00,1,1,"[15:20:00,15:40:00)",2016-10-21,15,False,106,5,113.0,87.0,103.14285714285714,14.076322571710877,116.0,11.789826122551595
2016-10-21 15:20:00,2,0,"[15:20:00,15:40:00)",2016-10-21,15,False,76,5,93.0,90.0,76.42857142857143,4.466808810815722,87.0,9.539392014169456
2016-10-21 15:20:00,3,0,"[15:20:00,15:40:00)",2016-10-21,15,False,168,5,127.0,155.0,110.14285714285714,26.598424586358316,150.66666666666666,21.22105872319601
2016-10-21 15:20:00,3,1,"[15:20:00,15:40:00)",2016-10-21,15,False,100,5,113.0,79.0,100.71428571428571,11.426785574754984,103.0,8.888194417315589
2016-10-21 15:40:00,1,0,"[15:40:00,16:00:00)",2016-10-21,15,False,55,5,49.0,47.0,45.857142857142854,12.212405870378577,50.333333333333336,4.163331998932264
2016-10-21 15:40:00,1,1,"[15:40:00,16:00:00)",2016-10-21,15,False,129,5,106.0,113.0,109.85714285714286,13.606721028332181,116.0,11.789826122551595
2016-10-21 15:40:00,2,0,"[15:40:00,16:00:00)",2016-10-21,15,False,92,5,76.0,93.0,68.42857142857143,12.895181824453436,87.0,9.539392014169456
2016-10-21 15:40:00,3,0,"[15:40:00,16:00:00)",2016-10-21,15,False,157,5,168.0,127.0,116.85714285714286,21.19299075503165,150.66666666666666,21.22105872319601
2016-10-21 15:40:00,3,1,"[15:40:00,16:00:00)",2016-10-21,15,False,96,5,100.0,113.0,84.14285714285714,10.270160197201912,103.0,8.888194417315589
2016-10-21 16:00:00,1,0,"[16:00:00,16:20:00)",2016-10-21,16,False,59,5,55.0,49.0,51.0,7.852812659593163,64.0,4.58257569495584
2016-10-21 16:00:00,1,1,"[16:00:00,16:20:00)",2016-10-21,16,False,107,5,129.0,106.0,99.0,9.72967967955095,107.66666666666667,1.1547005383792495
2016-10-21 16:00:00,2,0,"[16:00:00,16:20:00)",2016-10-21,16,False,80,5,92.0,76.0,67.57142857142857,9.536895771286428,85.0,10.44030650891055
2016-10-21 16:00:00,3,0,"[16:00:00,16:20:00)",2016-10-21,16,False,155,5,157.0,168.0,120.85714285714286,15.89998502544967,157.33333333333334,6.806859285554042
2016-10-21 16:00:00,3,1,"[16:00:00,16:20:00)",2016-10-21,16,False,78,5,96.0,100.0,89.42857142857143,8.243323416704026,91.33333333333333,13.012814197295425
2016-10-21 16:20:00,1,0,"[16:20:00,16:40:00)",2016-10-21,16,False,65,5,59.0,55.0,50.0,10.376254944182254,64.0,4.58257569495584
2016-10-21 16:20:00,1,1,"[16:20:00,16:40:00)",2016-10-21,16,False,107,5,107.0,129.0,95.28571428571429,15.892495983055289,107.66666666666667,1.1547005383792495
2016-10-21 16:20:00,2,0,"[16:20:00,16:40:00)",2016-10-21,16,False,97,5,80.0,92.0,71.71428571428571,12.147898113312795,85.0,10.44030650891055
2016-10-21 16:20:00,3,0,"[16:20:00,16:40:00)",2016-10-21,16,False,152,5,155.0,157.0,115.0,17.339742404853272,157.33333333333334,6.806859285554042
2016-10-21 16:20:00,3,1,"[16:20:00,16:40:00)",2016-10-21,16,False,92,5,78.0,96.0,85.71428571428571,7.54352450150206,91.33333333333333,13.012814197295425
2016-10-21 16:40:00,1,0,"[16:40:00,17:00:00)",2016-10-21,16,False,68,5,65.0,59.0,50.57142857142857,12.190941211368695,64.0,4.58257569495584
2016-10-21 16:40:00,1,1,"[16:40:00,17:00:00)",2016-10-21,16,False,109,5,107.0,107.0,102.28571428571429,14.795430439996057,107.66666666666667,1.1547005383792495
2016-10-21 16:40:00,2,0,"[16:40:00,17:00:00)",2016-10-21,16,False,78,5,97.0,80.0,72.85714285714286,8.355209381548963,85.0,10.44030650891055
2016-10-21 16:40:00,3,0,"[16:40:00,17:00:00)",2016-10-21,16,False,165,5,152.0,155.0,125.42857142857143,24.636403571795558,157.33333333333334,6.806859285554042
2016-10-21 16:40:00,3,1,"[16:40:00,17:00:00)",2016-10-21,16,False,104,5,92.0,78.0,88.85714285714286,11.186726828829652,91.33333333333333,13.012814197295425
2016-10-22 06:00:00,1,0,"[06:00:00,06:20:00)",2016-10-22,6,False,7,6,68.0,65.0,11.285714285714286,3.9036002917941333,12.333333333333334,8.386497083606084
2016-10-22 06:00:00,1,1,"[06:00:00,06:20:00)",2016-10-22,6,False,31,6,109.0,107.0,36.0,8.205689083394114,41.0,13.228756555322953
2016-10-22 06:00:00,2,0,"[06:00:00,06:20:00)",2016-10-22,6,False,22,6,78.0,97.0,20.571428571428573,6.6296591882525115,29.0,12.12435565298214
2016-10-22 06:00:00,3,0,"[06:00:00,06:20:00)",2016-10-22,6,False,27,6,165.0,152.0,28.428571428571427,8.223080178318074,38.333333333333336,12.055427546683415
2016-10-22 06:00:00,3,1,"[06:00:00,06:20:00)",2016-10-22,6,False,19,6,104.0,92.0,18.857142857142858,4.980915960897534,20.666666666666668,3.785938897200182
2016-10-22 06:20:00,1,0,"[06:20:00,06:40:00)",2016-10-22,6,False,8,6,7.0,68.0,14.428571428571429,4.429339411136566,12.333333333333334,8.386497083606084
2016-10-22 06:20:00,1,1,"[06:20:00,06:40:00)",2016-10-22,6,False,36,6,31.0,109.0,40.57142857142857,11.296860077873305,41.0,13.228756555322953
2016-10-22 06:20:00,2,0,"[06:20:00,06:40:00)",2016-10-22,6,False,22,6,22.0,78.0,28.571428571428573,11.816050423853463,29.0,12.12435565298214
2016-10-22 06:20:00,3,0,"[06:20:00,06:40:00)",2016-10-22,6,False,37,6,27.0,165.0,44.42857142857143,9.58918041087876,38.333333333333336,12.055427546683415
2016-10-22 06:20:00,3,1,"[06:20:00,06:40:00)",2016-10-22,6,False,18,6,19.0,104.0,30.0,11.313708498984761,20.666666666666668,3.785938897200182
2016-10-22 06:40:00,1,0,"[06:40:00,07:00:00)",2016-10-22,6,False,22,6,8.0,7.0,19.428571428571427,5.50324579550235,12.333333333333334,8.386497083606084
2016-10-22 06:40:00,1,1,"[06:40:00,07:00:00)",2016-10-22,6,False,56,6,36.0,31.0,55.142857142857146,11.509830167130637,41.0,13.228756555322953
2016-10-22 06:40:00,2,0,"[06:40:00,07:00:00)",2016-10-22,6,False,43,6,22.0,22.0,42.0,8.563488385776752,29.0,12.12435565298214
2016-10-22 06:40:00,3,0,"[06:40:00,07:00:00)",2016-10-22,6,False,51,6,37.0,27.0,71.14285714285714,20.73988565886652,38.333333333333336,12.055427546683415
2016-10-22 06:40:00,3,1,"[06:40:00,07:00:00)",2016-10-22,6,False,25,6,18.0,19.0,41.42857142857143,11.414276774536104,20.666666666666668,3.785938897200182
2016-10-22 07:00:00,1,0,"[07:00:00,07:20:00)",2016-10-22,7,False,14,6,22.0,8.0,24.714285714285715,8.035634920242991,25.0,10.14889156509222
2016-10-22 07:00:00,1,1,"[07:00:00,07:20:00)",2016-10-22,7,False,49,6,56.0,36.0,63.0,11.532562594670797,55.666666666666664,16.072751268321593
2016-10-22 07:00:00,2,0,"[07:00:00,07:20:00)",2016-10-22,7,False,24,6,43.0,22.0,67.0,30.0,42.666666666666664,16.441816606851365
2016-10-22 07:00:00,3,0,"[07:00:00,07:20:00)",2016-10-22,7,False,76,6,51.0,37.0,105.71428571428571,32.29403601138702,80.66666666666667,7.234178138070236
2016-10-22 07:00:00,3,1,"[07:00:00,07:20:00)",2016-10-22,7,False,38,6,25.0,18.0,51.285714285714285,13.060299712159312,48.666666666666664,17.616280348965084
2016-10-22 07:20:00,1,0,"[07:20:00,07:40:00)",2016-10-22,7,False,27,6,14.0,22.0,32.142857142857146,6.148944934663492,25.0,10.14889156509222
2016-10-22 07:20:00,1,1,"[07:20:00,07:40:00)",2016-10-22,7,False,44,6,49.0,56.0,83.28571428571429,29.170271886027425,55.666666666666664,16.072751268321593
2016-10-22 07:20:00,2,0,"[07:20:00,07:40:00)",2016-10-22,7,False,49,6,24.0,43.0,77.57142857142857,26.67618877611732,42.666666666666664,16.441816606851365
2016-10-22 07:20:00,3,0,"[07:20:00,07:40:00)",2016-10-22,7,False,89,6,76.0,51.0,119.14285714285714,28.239620933649064,80.66666666666667,7.234178138070236
2016-10-22 07:20:00,3,1,"[07:20:00,07:40:00)",2016-10-22,7,False,39,6,38.0,25.0,67.0,19.924858845171276,48.666666666666664,17.616280348965084
2016-10-22 07:40:00,1,0,"[07:40:00,08:00:00)",2016-10-22,7,False,34,6,27.0,14.0,38.57142857142857,5.6820519432432395,25.0,10.14889156509222
2016-10-22 07:40:00,1,1,"[07:40:00,08:00:00)",2016-10-22,7,False,74,6,44.0,49.0,96.0,21.29162589689508,55.666666666666664,16.072751268321593
2016-10-22 07:40:00,2,0,"[07:40:00,08:00:00)",2016-10-22,7,False,55,6,49.0,24.0,88.28571428571429,29.471535904520287,42.666666666666664,16.441816606851365
2016-10-22 07:40:00,3,0,"[07:40:00,08:00:00)",2016-10-22,7,False,77,6,89.0,76.0,129.28571428571428,42.71500238290323,80.66666666666667,7.234178138070236
2016-10-22 07:40:00,3,1,"[07:40:00,08:00:00)",2016-10-22,7,False,69,6,39.0,38.0,85.28571428571429,20.00595149544493,48.666666666666664,17.616280348965084
2016-10-22 15:00:00,1,0,"[15:00:00,15:20:00)",2016-10-22,15,False,37,6,34.0,27.0,46.714285714285715,8.440266301373152,45.333333333333336,7.6376261582597325
2016-10-22 15:00:00,1,1,"[15:00:00,15:20:00)",2016-10-22,15,False,100,6,74.0,44.0,92.57142857142857,14.081396034687552,97.0,2.6457513110645907
2016-10-22 15:00:00,2,0,"[15:00:00,15:20:00)",2016-10-22,15,False,77,6,55.0,49.0,75.57142857142857,8.423323628614833,71.66666666666667,9.237604307034013
2016-10-22 15:00:00,3,0,"[15:00:00,15:20:00)",2016-10-22,15,False,106,6,77.0,89.0,115.85714285714286,16.014874038723832,106.33333333333333,7.505553499465137
2016-10-22 15:00:00,3,1,"[15:00:00,15:20:00)",2016-10-22,15,False,73,6,69.0,39.0,97.57142857142857,22.31484664864137,84.0,12.12435565298214
2016-10-22 15:20:00,1,0,"[15:20:00,15:40:00)",2016-10-22,15,False,47,6,37.0,34.0,45.857142857142854,10.040394604273471,45.333333333333336,7.6376261582597325
2016-10-22 15:20:00,1,1,"[15:20:00,15:40:00)",2016-10-22,15,False,96,6,100.0,74.0,103.14285714285714,14.076322571710877,97.0,2.6457513110645907
2016-10-22 15:20:00,2,0,"[15:20:00,15:40:00)",2016-10-22,15,False,77,6,77.0,55.0,76.42857142857143,4.466808810815722,71.66666666666667,9.237604307034013
2016-10-22 15:20:00,3,0,"[15:20:00,15:40:00)",2016-10-22,15,False,99,6,106.0,77.0,110.14285714285714,26.598424586358316,106.33333333333333,7.505553499465137
2016-10-22 15:20:00,3,1,"[15:20:00,15:40:00)",2016-10-22,15,False,82,6,73.0,69.0,100.71428571428571,11.426785574754984,84.0,12.12435565298214
2016-10-22 15:40:00,1,0,"[15:40:00,16:00:00)",2016-10-22,15,False,52,6,47.0,37.0,45.857142857142854,12.212405870378577,45.333333333333336,7.6376261582597325
2016-10-22 15:40:00,1,1,"[15:40:00,16:00:00)",2016-10-22,15,False,95,6,96.0,100.0,109.85714285714286,13.606721028332181,97.0,2.6457513110645907
2016-10-22 15:40:00,2,0,"[15:40:00,16:00:00)",2016-10-22,15,False,61,6,77.0,77.0,68.42857142857143,12.895181824453436,71.66666666666667,9.237604307034013
2016-10-22 15:40:00,3,0,"[15:40:00,16:00:00)",2016-10-22,15,False,114,6,99.0,106.0,116.85714285714286,21.19299075503165,106.33333333333333,7.505553499465137
2016-10-22 15:40:00,3,1,"[15:40:00,16:00:00)",2016-10-22,15,False,97,6,82.0,73.0,84.14285714285714,10.270160197201912,84.0,12.12435565298214
2016-10-22 16:00:00,1,0,"[16:00:00,16:20:00)",2016-10-22,16,False,47,6,52.0,47.0,51.0,7.852812659593163,52.333333333333336,4.725815626252608
2016-10-22 16:00:00,1,1,"[16:00:00,16:20:00)",2016-10-22,16,False,109,6,95.0,96.0,99.0,9.72967967955095,96.66666666666667,15.695009822658074
2016-10-22 16:00:00,2,0,"[16:00:00,16:20:00)",2016-10-22,16,False,80,6,61.0,77.0,67.57142857142857,9.536895771286428,72.0,7.0
2016-10-22 16:00:00,3,0,"[16:00:00,16:20:00)",2016-10-22,16,False,115,6,114.0,99.0,120.85714285714286,15.89998502544967,110.33333333333333,8.08290376865476
2016-10-22 16:00:00,3,1,"[16:00:00,16:20:00)",2016-10-22,16,False,94,6,97.0,82.0,89.42857142857143,8.243323416704026,84.33333333333333,11.239810200058244
2016-10-22 16:20:00,1,0,"[16:20:00,16:40:00)",2016-10-22,16,False,56,6,47.0,52.0,50.0,10.376254944182254,52.333333333333336,4.725815626252608
2016-10-22 16:20:00,1,1,"[16:20:00,16:40:00)",2016-10-22,16,False,102,6,109.0,95.0,95.28571428571429,15.892495983055289,96.66666666666667,15.695009822658074
2016-10-22 16:20:00,2,0,"[16:20:00,16:40:00)",2016-10-22,16,False,67,6,80.0,61.0,71.71428571428571,12.147898113312795,72.0,7.0
2016-10-22 16:20:00,3,0,"[16:20:00,16:40:00)",2016-10-22,16,False,115,6,115.0,114.0,115.0,17.339742404853272,110.33333333333333,8.08290376865476
2016-10-22 16:20:00,3,1,"[16:20:00,16:40:00)",2016-10-22,16,False,72,6,94.0,97.0,85.71428571428571,7.54352450150206,84.33333333333333,11.239810200058244
2016-10-22 16:40:00,1,0,"[16:40:00,17:00:00)",2016-10-22,16,False,54,6,56.0,47.0,50.57142857142857,12.190941211368695,52.333333333333336,4.725815626252608
2016-10-22 16:40:00,1,1,"[16:40:00,17:00:00)",2016-10-22,16,False,79,6,102.0,109.0,102.28571428571429,14.795430439996057,96.66666666666667,15.695009822658074
2016-10-22 16:40:00,2,0,"[16:40:00,17:00:00)",2016-10-22,16,False,69,6,67.0,80.0,72.85714285714286,8.355209381548963,72.0,7.0
2016-10-22 16:40:00,3,0,"[16:40:00,17:00:00)",2016-10-22,16,False,101,6,115.0,115.0,125.42857142857143,24.636403571795558,110.33333333333333,8.08290376865476
2016-10-22 16:40:00,3,1,"[16:40:00,17:00:00)",2016-10-22,16,False,87,6,72.0,94.0,88.85714285714286,11.186726828829652,84.33333333333333,11.239810200058244
2016-10-23 06:00:00,1,0,"[06:00:00,06:20:00)",2016-10-23,6,False,13,7,54.0,56.0,11.285714285714286,3.9036002917941333,10.333333333333334,2.5166114784235836
2016-10-23 06:00:00,1,1,"[06:00:00,06:20:00)",2016-10-23,6,False,26,7,79.0,102.0,36.0,8.205689083394114,36.333333333333336,12.342339054382412
2016-10-23 06:00:00,2,0,"[06:00:00,06:20:00)",2016-10-23,6,False,8,7,69.0,67.0,20.571428571428573,6.6296591882525115,14.666666666666666,9.073771725877465
2016-10-23 06:00:00,3,0,"[06:00:00,06:20:00)",2016-10-23,6,False,18,7,101.0,115.0,28.428571428571427,8.223080178318074,30.0,12.529964086141668
2016-10-23 06:00:00,3,1,"[06:00:00,06:20:00)",2016-10-23,6,False,9,7,87.0,72.0,18.857142857142858,4.980915960897534,20.333333333333332,12.055427546683417
2016-10-23 06:20:00,1,0,"[06:20:00,06:40:00)",2016-10-23,6,False,10,7,13.0,54.0,14.428571428571429,4.429339411136566,10.333333333333334,2.5166114784235836
2016-10-23 06:20:00,1,1,"[06:20:00,06:40:00)",2016-10-23,6,False,50,7,26.0,79.0,40.57142857142857,11.296860077873305,36.333333333333336,12.342339054382412
2016-10-23 06:20:00,2,0,"[06:20:00,06:40:00)",2016-10-23,6,False,11,7,8.0,69.0,28.571428571428573,11.816050423853463,14.666666666666666,9.073771725877465
2016-10-23 06:20:00,3,0,"[06:20:00,06:40:00)",2016-10-23,6,False,29,7,18.0,101.0,44.42857142857143,9.58918041087876,30.0,12.529964086141668
2016-10-23 06:20:00,3,1,"[06:20:00,06:40:00)",2016-10-23,6,False,19,7,9.0,87.0,30.0,11.313708498984761,20.333333333333332,12.055427546683417
2016-10-23 06:40:00,1,0,"[06:40:00,07:00:00)",2016-10-23,6,False,8,7,10.0,13.0,19.428571428571427,5.50324579550235,10.333333333333334,2.5166114784235836
2016-10-23 06:40:00,1,1,"[06:40:00,07:00:00)",2016-10-23,6,False,33,7,50.0,26.0,55.142857142857146,11.509830167130637,36.333333333333336,12.342339054382412
2016-10-23 06:40:00,2,0,"[06:40:00,07:00:00)",2016-10-23,6,False,25,7,11.0,8.0,42.0,8.563488385776752,14.666666666666666,9.073771725877465
2016-10-23 06:40:00,3,0,"[06:40:00,07:00:00)",2016-10-23,6,False,43,7,29.0,18.0,71.14285714285714,20.73988565886652,30.0,12.529964086141668
2016-10-23 06:40:00,3,1,"[06:40:00,07:00:00)",2016-10-23,6,False,33,7,19.0,9.0,41.42857142857143,11.414276774536104,20.333333333333332,12.055427546683417
2016-10-23 07:00:00,1,0,"[07:00:00,07:20:00)",2016-10-23,7,False,17,7,8.0,10.0,24.714285714285715,8.035634920242991,23.666666666666668,6.506407098647712
2016-10-23 07:00:00,1,1,"[07:00:00,07:20:00)",2016-10-23,7,False,45,7,33.0,50.0,63.0,11.532562594670797,50.666666666666664,13.428824718989127
2016-10-23 07:00:00,2,0,"[07:00:00,07:20:00)",2016-10-23,7,False,29,7,25.0,11.0,67.0,30.0,35.333333333333336,6.506407098647711
2016-10-23 07:00:00,3,0,"[07:00:00,07:20:00)",2016-10-23,7,False,51,7,43.0,29.0,105.71428571428571,32.29403601138702,62.666666666666664,10.408329997330664
2016-10-23 07:00:00,3,1,"[07:00:00,07:20:00)",2016-10-23,7,False,36,7,33.0,19.0,51.285714285714285,13.060299712159312,46.666666666666664,9.29157324317757
2016-10-23 07:20:00,1,0,"[07:20:00,07:40:00)",2016-10-23,7,False,24,7,17.0,8.0,32.142857142857146,6.148944934663492,23.666666666666668,6.506407098647712
2016-10-23 07:20:00,1,1,"[07:20:00,07:40:00)",2016-10-23,7,False,41,7,45.0,33.0,83.28571428571429,29.170271886027425,50.666666666666664,13.428824718989127
2016-10-23 07:20:00,2,0,"[07:20:00,07:40:00)",2016-10-23,7,False,35,7,29.0,25.0,77.57142857142857,26.67618877611732,35.333333333333336,6.506407098647711
2016-10-23 07:20:00,3,0,"[07:20:00,07:40:00)",2016-10-23,7,False,71,7,51.0,43.0,119.14285714285714,28.239620933649064,62.666666666666664,10.408329997330664
2016-10-23 07:20:00,3,1,"[07:20:00,07:40:00)",2016-10-23,7,False,53,7,36.0,33.0,67.0,19.924858845171276,46.666666666666664,9.29157324317757
2016-10-23 07:40:00,1,0,"[07:40:00,08:00:00)",2016-10-23,7,False,30,7,24.0,17.0,38.57142857142857,5.6820519432432395,23.666666666666668,6.506407098647712
2016-10-23 07:40:00,1,1,"[07:40:00,08:00:00)",2016-10-23,7,False,66,7,41.0,45.0,96.0,21.29162589689508,50.666666666666664,13.428824718989127
2016-10-23 07:40:00,2,0,"[07:40:00,08:00:00)",2016-10-23,7,False,42,7,35.0,29.0,88.28571428571429,29.471535904520287,35.333333333333336,6.506407098647711
2016-10-23 07:40:00,3,0,"[07:40:00,08:00:00)",2016-10-23,7,False,66,7,71.0,51.0,129.28571428571428,42.71500238290323,62.666666666666664,10.408329997330664
2016-10-23 07:40:00,3,1,"[07:40:00,08:00:00)",2016-10-23,7,False,51,7,53.0,36.0,85.28571428571429,20.00595149544493,46.666666666666664,9.29157324317757
2016-10-23 15:00:00,1,0,"[15:00:00,15:20:00)",2016-10-23,15,False,61,7,30.0,24.0,46.714285714285715,8.440266301373152,62.333333333333336,2.3094010767585034
2016-10-23 15:00:00,1,1,"[15:00:00,15:20:00)",2016-10-23,15,False,101,7,66.0,41.0,92.57142857142857,14.081396034687552,113.0,11.532562594670797
2016-10-23 15:00:00,2,0,"[15:00:00,15:20:00)",2016-10-23,15,False,76,7,42.0,35.0,75.57142857142857,8.423323628614833,77.66666666666667,4.72581562625261
2016-10-23 15:00:00,3,0,"[15:00:00,15:20:00)",2016-10-23,15,False,122,7,66.0,71.0,115.85714285714286,16.014874038723832,121.33333333333333,12.013880860626735
2016-10-23 15:00:00,3,1,"[15:00:00,15:20:00)",2016-10-23,15,False,137,7,51.0,53.0,97.57142857142857,22.31484664864137,114.33333333333333,24.11085509336683
2016-10-23 15:20:00,1,0,"[15:20:00,15:40:00)",2016-10-23,15,False,65,7,61.0,30.0,45.857142857142854,10.040394604273471,62.333333333333336,2.3094010767585034
2016-10-23 15:20:00,1,1,"[15:20:00,15:40:00)",2016-10-23,15,False,124,7,101.0,66.0,103.14285714285714,14.076322571710877,113.0,11.532562594670797
2016-10-23 15:20:00,2,0,"[15:20:00,15:40:00)",2016-10-23,15,False,83,7,76.0,42.0,76.42857142857143,4.466808810815722,77.66666666666667,4.72581562625261
2016-10-23 15:20:00,3,0,"[15:20:00,15:40:00)",2016-10-23,15,False,109,7,122.0,66.0,110.14285714285714,26.598424586358316,121.33333333333333,12.013880860626735
2016-10-23 15:20:00,3,1,"[15:20:00,15:40:00)",2016-10-23,15,False,117,7,137.0,51.0,100.71428571428571,11.426785574754984,114.33333333333333,24.11085509336683
2016-10-23 15:40:00,1,0,"[15:40:00,16:00:00)",2016-10-23,15,False,61,7,65.0,61.0,45.857142857142854,12.212405870378577,62.333333333333336,2.3094010767585034
2016-10-23 15:40:00,1,1,"[15:40:00,16:00:00)",2016-10-23,15,False,114,7,124.0,101.0,109.85714285714286,13.606721028332181,113.0,11.532562594670797
2016-10-23 15:40:00,2,0,"[15:40:00,16:00:00)",2016-10-23,15,False,74,7,83.0,76.0,68.42857142857143,12.895181824453436,77.66666666666667,4.72581562625261
2016-10-23 15:40:00,3,0,"[15:40:00,16:00:00)",2016-10-23,15,False,133,7,109.0,122.0,116.85714285714286,21.19299075503165,121.33333333333333,12.013880860626735
2016-10-23 15:40:00,3,1,"[15:40:00,16:00:00)",2016-10-23,15,False,89,7,117.0,137.0,84.14285714285714,10.270160197201912,114.33333333333333,24.11085509336683
2016-10-23 16:00:00,1,0,"[16:00:00,16:20:00)",2016-10-23,16,False,60,7,61.0,65.0,51.0,7.852812659593163,60.0,2.0
2016-10-23 16:00:00,1,1,"[16:00:00,16:20:00)",2016-10-23,16,False,104,7,114.0,124.0,99.0,9.72967967955095,108.33333333333333,4.509249752822894
2016-10-23 16:00:00,2,0,"[16:00:00,16:20:00)",2016-10-23,16,False,61,7,74.0,83.0,67.57142857142857,9.536895771286428,64.66666666666667,6.350852961085884
2016-10-23 16:00:00,3,0,"[16:00:00,16:20:00)",2016-10-23,16,False,122,7,133.0,109.0,120.85714285714286,15.89998502544967,118.0,6.928203230275509
2016-10-23 16:00:00,3,1,"[16:00:00,16:20:00)",2016-10-23,16,False,95,7,89.0,117.0,89.42857142857143,8.243323416704026,96.66666666666667,6.658328118479391
2016-10-23 16:20:00,1,0,"[16:20:00,16:40:00)",2016-10-23,16,False,58,7,60.0,61.0,50.0,10.376254944182254,60.0,2.0
2016-10-23 16:20:00,1,1,"[16:20:00,16:40:00)",2016-10-23,16,False,113,7,104.0,114.0,95.28571428571429,15.892495983055289,108.33333333333333,4.509249752822894
2016-10-23 16:20:00,2,0,"[16:20:00,16:40:00)",2016-10-23,16,False,72,7,61.0,74.0,71.71428571428571,12.147898113312795,64.66666666666667,6.350852961085884
2016-10-23 16:20:00,3,0,"[16:20:00,16:40:00)",2016-10-23,16,False,110,7,122.0,133.0,115.0,17.339742404853272,118.0,6.928203230275509
2016-10-23 16:20:00,3,1,"[16:20:00,16:40:00)",2016-10-23,16,False,91,7,95.0,89.0,85.71428571428571,7.54352450150206,96.66666666666667,6.658328118479391
2016-10-23 16:40:00,1,0,"[16:40:00,17:00:00)",2016-10-23,16,False,62,7,58.0,60.0,50.57142857142857,12.190941211368695,60.0,2.0
2016-10-23 16:40:00,1,1,"[16:40:00,17:00:00)",2016-10-23,16,False,108,7,113.0,104.0,102.28571428571429,14.795430439996057,108.33333333333333,4.509249752822894
2016-10-23 16:40:00,2,0,"[16:40:00,17:00:00)",2016-10-23,16,False,61,7,72.0,61.0,72.85714285714286,8.355209381548963,64.66666666666667,6.350852961085884
2016-10-23 16:40:00,3,0,"[16:40:00,17:00:00)",2016-10-23,16,False,122,7,110.0,122.0,125.42857142857143,24.636403571795558,118.0,6.928203230275509
2016-10-23 16:40:00,3,1,"[16:40:00,17:00:00)",2016-10-23,16,False,104,7,91.0,95.0,88.85714285714286,11.186726828829652,96.66666666666667,6.658328118479391
2016-10-24 06:00:00,1,0,"[06:00:00,06:20:00)",2016-10-24,6,False,18,1,62.0,58.0,11.285714285714286,3.9036002917941333,21.0,3.0
2016-10-24 06:00:00,1,1,"[06:00:00,06:20:00)",2016-10-24,6,False,31,1,108.0,113.0,36.0,8.205689083394114,49.0,15.620499351813308
2016-10-24 06:00:00,2,0,"[06:00:00,06:20:00)",2016-10-24,6,False,27,1,61.0,72.0,20.571428571428573,6.6296591882525115,39.333333333333336,12.503332889007368
2016-10-24 06:00:00,3,0,"[06:00:00,06:20:00)",2016-10-24,6,False,41,1,122.0,110.0,28.428571428571427,8.223080178318074,66.33333333333333,34.019602192461534
2016-10-24 06:00:00,3,1,"[06:00:00,06:20:00)",2016-10-24,6,False,23,1,104.0,91.0,18.857142857142858,4.980915960897534,41.333333333333336,18.502252115170556
2016-10-24 06:20:00,1,0,"[06:20:00,06:40:00)",2016-10-24,6,False,21,1,18.0,62.0,14.428571428571429,4.429339411136566,21.0,3.0
2016-10-24 06:20:00,1,1,"[06:20:00,06:40:00)",2016-10-24,6,False,57,1,31.0,108.0,40.57142857142857,11.296860077873305,49.0,15.620499351813308
2016-10-24 06:20:00,2,0,"[06:20:00,06:40:00)",2016-10-24,6,False,39,1,27.0,61.0,28.571428571428573,11.816050423853463,39.333333333333336,12.503332889007368
2016-10-24 06:20:00,3,0,"[06:20:00,06:40:00)",2016-10-24,6,False,53,1,41.0,122.0,44.42857142857143,9.58918041087876,66.33333333333333,34.019602192461534
2016-10-24 06:20:00,3,1,"[06:20:00,06:40:00)",2016-10-24,6,False,41,1,23.0,104.0,30.0,11.313708498984761,41.333333333333336,18.502252115170556
2016-10-24 06:40:00,1,0,"[06:40:00,07:00:00)",2016-10-24,6,False,24,1,21.0,18.0,19.428571428571427,5.50324579550235,21.0,3.0
2016-10-24 06:40:00,1,1,"[06:40:00,07:00:00)",2016-10-24,6,False,59,1,57.0,31.0,55.142857142857146,11.509830167130637,49.0,15.620499351813308
2016-10-24 06:40:00,2,0,"[06:40:00,07:00:00)",2016-10-24,6,False,52,1,39.0,27.0,42.0,8.563488385776752,39.333333333333336,12.503332889007368
2016-10-24 06:40:00,3,0,"[06:40:00,07:00:00)",2016-10-24,6,False,105,1,53.0,41.0,71.14285714285714,20.73988565886652,66.33333333333333,34.019602192461534
2016-10-24 06:40:00,3,1,"[06:40:00,07:00:00)",2016-10-24,6,False,60,1,41.0,23.0,41.42857142857143,11.414276774536104,41.333333333333336,18.502252115170556
2016-10-24 07:00:00,1,0,"[07:00:00,07:20:00)",2016-10-24,7,False,35,1,24.0,21.0,24.714285714285715,8.035634920242991,37.333333333333336,4.932882862316246
2016-10-24 07:00:00,1,1,"[07:00:00,07:20:00)",2016-10-24,7,False,76,1,59.0,57.0,63.0,11.532562594670797,106.0,26.457513110645905
2016-10-24 07:00:00,2,0,"[07:00:00,07:20:00)",2016-10-24,7,False,104,1,52.0,39.0,67.0,30.0,112.66666666666667,9.609023536933048
2016-10-24 07:00:00,3,0,"[07:00:00,07:20:00)",2016-10-24,7,False,150,1,105.0,53.0,105.71428571428571,32.29403601138702,156.33333333333334,12.741009902410925
2016-10-24 07:00:00,3,1,"[07:00:00,07:20:00)",2016-10-24,7,False,75,1,60.0,41.0,51.285714285714285,13.060299712159312,91.66666666666667,14.468356276140469
2016-10-24 07:20:00,1,0,"[07:20:00,07:40:00)",2016-10-24,7,False,34,1,35.0,24.0,32.142857142857146,6.148944934663492,37.333333333333336,4.932882862316246
2016-10-24 07:20:00,1,1,"[07:20:00,07:40:00)",2016-10-24,7,False,116,1,76.0,59.0,83.28571428571429,29.170271886027425,106.0,26.457513110645905
2016-10-24 07:20:00,2,0,"[07:20:00,07:40:00)",2016-10-24,7,False,111,1,104.0,52.0,77.57142857142857,26.67618877611732,112.66666666666667,9.609023536933048
2016-10-24 07:20:00,3,0,"[07:20:00,07:40:00)",2016-10-24,7,False,148,1,150.0,105.0,119.14285714285714,28.239620933649064,156.33333333333334,12.741009902410925
2016-10-24 07:20:00,3,1,"[07:20:00,07:40:00)",2016-10-24,7,False,101,1,75.0,60.0,67.0,19.924858845171276,91.66666666666667,14.468356276140469
2016-10-24 07:40:00,1,0,"[07:40:00,08:00:00)",2016-10-24,7,False,43,1,34.0,35.0,38.57142857142857,5.6820519432432395,37.333333333333336,4.932882862316246
2016-10-24 07:40:00,1,1,"[07:40:00,08:00:00)",2016-10-24,7,False,126,1,116.0,76.0,96.0,21.29162589689508,106.0,26.457513110645905
2016-10-24 07:40:00,2,0,"[07:40:00,08:00:00)",2016-10-24,7,False,123,1,111.0,104.0,88.28571428571429,29.471535904520287,112.66666666666667,9.609023536933048
2016-10-24 07:40:00,3,0,"[07:40:00,08:00:00)",2016-10-24,7,False,171,1,148.0,150.0,129.28571428571428,42.71500238290323,156.33333333333334,12.741009902410925
2016-10-24 07:40:00,3,1,"[07:40:00,08:00:00)",2016-10-24,7,False,99,1,101.0,75.0,85.28571428571429,20.00595149544493,91.66666666666667,14.468356276140469
2016-10-24 15:00:00,1,0,"[15:00:00,15:20:00)",2016-10-24,15,False,50,1,43.0,34.0,46.714285714285715,8.440266301373152,41.0,13.076696830622021
2016-10-24 15:00:00,1,1,"[15:00:00,15:20:00)",2016-10-24,15,False,82,1,126.0,116.0,92.57142857142857,14.081396034687552,88.33333333333333,12.74100990241093
2016-10-24 15:00:00,2,0,"[15:00:00,15:20:00)",2016-10-24,15,False,67,1,123.0,111.0,75.57142857142857,8.423323628614833,70.33333333333333,3.0550504633038935
2016-10-24 15:00:00,3,0,"[15:00:00,15:20:00)",2016-10-24,15,False,141,1,171.0,148.0,115.85714285714286,16.014874038723832,117.0,20.784609690826528
2016-10-24 15:00:00,3,1,"[15:00:00,15:20:00)",2016-10-24,15,False,80,1,99.0,101.0,97.57142857142857,22.31484664864137,84.33333333333333,15.947831618540913
2016-10-24 15:20:00,1,0,"[15:20:00,15:40:00)",2016-10-24,15,False,47,1,50.0,43.0,45.857142857142854,10.040394604273471,41.0,13.076696830622021
2016-10-24 15:20:00,1,1,"[15:20:00,15:40:00)",2016-10-24,15,False,80,1,82.0,126.0,103.14285714285714,14.076322571710877,88.33333333333333,12.74100990241093
2016-10-24 15:20:00,2,0,"[15:20:00,15:40:00)",2016-10-24,15,False,73,1,67.0,123.0,76.42857142857143,4.466808810815722,70.33333333333333,3.0550504633038935
2016-10-24 15:20:00,3,0,"[15:20:00,15:40:00)",2016-10-24,15,False,105,1,141.0,171.0,110.14285714285714,26.598424586358316,117.0,20.784609690826528
2016-10-24 15:20:00,3,1,"[15:20:00,15:40:00)",2016-10-24,15,False,102,1,80.0,99.0,100.71428571428571,11.426785574754984,84.33333333333333,15.947831618540913
2016-10-24 15:40:00,1,0,"[15:40:00,16:00:00)",2016-10-24,15,False,26,1,47.0,50.0,45.857142857142854,12.212405870378577,41.0,13.076696830622021
2016-10-24 15:40:00,1,1,"[15:40:00,16:00:00)",2016-10-24,15,False,103,1,80.0,82.0,109.85714285714286,13.606721028332181,88.33333333333333,12.74100990241093
2016-10-24 15:40:00,2,0,"[15:40:00,16:00:00)",2016-10-24,15,False,71,1,73.0,67.0,68.42857142857143,12.895181824453436,70.33333333333333,3.0550504633038935
2016-10-24 15:40:00,3,0,"[15:40:00,16:00:00)",2016-10-24,15,False,105,1,105.0,141.0,116.85714285714286,21.19299075503165,117.0,20.784609690826528
2016-10-24 15:40:00,3,1,"[15:40:00,16:00:00)",2016-10-24,15,False,71,1,102.0,80.0,84.14285714285714,10.270160197201912,84.33333333333333,15.947831618540913
2016-10-24 16:00:00,1,0,"[16:00:00,16:20:00)",2016-10-24,16,False,49,1,26.0,47.0,51.0,7.852812659593163,47.666666666666664,3.214550253664317
2016-10-24 16:00:00,1,1,"[16:00:00,16:20:00)",2016-10-24,16,False,99,1,103.0,80.0,99.0,9.72967967955095,103.33333333333333,4.509249752822894
2016-10-24 16:00:00,2,0,"[16:00:00,16:20:00)",2016-10-24,16,False,69,1,71.0,73.0,67.57142857142857,9.536895771286428,74.66666666666667,5.5075705472861
2016-10-24 16:00:00,3,0,"[16:00:00,16:20:00)",2016-10-24,16,False,115,1,105.0,105.0,120.85714285714286,15.89998502544967,115.0,15.0
2016-10-24 16:00:00,3,1,"[16:00:00,16:20:00)",2016-10-24,16,False,101,1,71.0,102.0,89.42857142857143,8.243323416704026,87.33333333333333,11.846237095944574
2016-10-24 16:20:00,1,0,"[16:20:00,16:40:00)",2016-10-24,16,False,50,1,49.0,26.0,50.0,10.376254944182254,47.666666666666664,3.214550253664317
2016-10-24 16:20:00,1,1,"[16:20:00,16:40:00)",2016-10-24,16,False,108,1,99.0,103.0,95.28571428571429,15.892495983055289,103.33333333333333,4.509249752822894
2016-10-24 16:20:00,2,0,"[16:20:00,16:40:00)",2016-10-24,16,False,75,1,69.0,71.0,71.71428571428571,12.147898113312795,74.66666666666667,5.5075705472861
2016-10-24 16:20:00,3,0,"[16:20:00,16:40:00)",2016-10-24,16,False,100,1,115.0,105.0,115.0,17.339742404853272,115.0,15.0
2016-10-24 16:20:00,3,1,"[16:20:00,16:40:00)",2016-10-24,16,False,80,1,101.0,71.0,85.71428571428571,7.54352450150206,87.33333333333333,11.846237095944574
2016-10-24 16:40:00,1,0,"[16:40:00,17:00:00)",2016-10-24,16,False,44,1,50.0,49.0,50.57142857142857,12.190941211368695,47.666666666666664,3.214550253664317
2016-10-24 16:40:00,1,1,"[16:40:00,17:00:00)",2016-10-24,16,False,103,1,108.0,99.0,102.28571428571429,14.795430439996057,103.33333333333333,4.509249752822894
2016-10-24 16:40:00,2,0,"[16:40:00,17:00:00)",2016-10-24,16,False,80,1,75.0,69.0,72.85714285714286,8.355209381548963,74.66666666666667,5.5075705472861
2016-10-24 16:40:00,3,0,"[16:40:00,17:00:00)",2016-10-24,16,False,130,1,100.0,115.0,125.42857142857143,24.636403571795558,115.0,15.0
2016-10-24 16:40:00,3,1,"[16:40:00,17:00:00)",2016-10-24,16,False,81,1,80.0,101.0,88.85714285714286,11.186726828829652,87.33333333333333,11.846237095944574
