tollgate_id,time,direction,volume
1,"[2016-10-25 06:00:00,2016-10-25 06:20:00)",0,15.253680686592382
1,"[2016-10-25 06:20:00,2016-10-25 06:40:00)",0,16.97757284371081
1,"[2016-10-25 06:40:00,2016-10-25 07:00:00)",0,20.279837567590974
1,"[2016-10-25 07:00:00,2016-10-25 07:20:00)",0,35.60627014616517
1,"[2016-10-25 07:20:00,2016-10-25 07:40:00)",0,35.917666496861415
1,"[2016-10-25 07:40:00,2016-10-25 08:00:00)",0,34.58658968214709
1,"[2016-10-25 15:00:00,2016-10-25 15:20:00)",0,38.399271510877966
1,"[2016-10-25 15:20:00,2016-10-25 15:40:00)",0,41.57935113766702
1,"[2016-10-25 15:40:00,2016-10-25 16:00:00)",0,45.24541177948984
1,"[2016-10-25 16:00:00,2016-10-25 16:20:00)",0,45.432000818283534
1,"[2016-10-25 16:20:00,2016-10-25 16:40:00)",0,44.988212642007554
1,"[2016-10-25 16:40:00,2016-10-25 17:00:00)",0,45.63735244050758
1,"[2016-10-26 06:00:00,2016-10-26 06:20:00)",0,13.271153115735364
1,"[2016-10-26 06:20:00,2016-10-26 06:40:00)",0,15.564754835120791
1,"[2016-10-26 06:40:00,2016-10-26 07:00:00)",0,15.445015853523298
1,"[2016-10-26 07:00:00,2016-10-26 07:20:00)",0,33.689471018426346
1,"[2016-10-26 07:20:00,2016-10-26 07:40:00)",0,35.57095648102274
1,"[2016-10-26 07:40:00,2016-10-26 08:00:00)",0,36.005660317317506
1,"[2016-10-26 15:00:00,2016-10-26 15:20:00)",0,28.895998924365887
1,"[2016-10-26 15:20:00,2016-10-26 15:40:00)",0,34.559221041218414
1,"[2016-10-26 15:40:00,2016-10-26 16:00:00)",0,38.283902510617324
1,"[2016-10-26 16:00:00,2016-10-26 16:20:00)",0,42.23583853636105
1,"[2016-10-26 16:20:00,2016-10-26 16:40:00)",0,44.2072025257932
1,"[2016-10-26 16:40:00,2016-10-26 17:00:00)",0,41.76364802845784
1,"[2016-10-27 06:00:00,2016-10-27 06:20:00)",0,14.074385552079029
1,"[2016-10-27 06:20:00,2016-10-27 06:40:00)",0,15.63274348876298
1,"[2016-10-27 06:40:00,2016-10-27 07:00:00)",0,16.924653861840714
1,"[2016-10-27 07:00:00,2016-10-27 07:20:00)",0,31.945298621059194
1,"[2016-10-27 07:20:00,2016-10-27 07:40:00)",0,31.082984604614303
1,"[2016-10-27 07:40:00,2016-10-27 08:00:00)",0,33.421188500940254
1,"[2016-10-27 15:00:00,2016-10-27 15:20:00)",0,28.42928668893519
1,"[2016-10-27 15:20:00,2016-10-27 15:40:00)",0,31.24735638783199
1,"[2016-10-27 15:40:00,2016-10-27 16:00:00)",0,39.77195654099482
1,"[2016-10-27 16:00:00,2016-10-27 16:20:00)",0,43.04501097762868
1,"[2016-10-27 16:20:00,2016-10-27 16:40:00)",0,43.71481632384773
1,"[2016-10-27 16:40:00,2016-10-27 17:00:00)",0,43.32302928410568
1,"[2016-10-28 06:00:00,2016-10-28 06:20:00)",0,12.736285652422055
1,"[2016-10-28 06:20:00,2016-10-28 06:40:00)",0,13.58896353911347
1,"[2016-10-28 06:40:00,2016-10-28 07:00:00)",0,14.88162131087431
1,"[2016-10-28 07:00:00,2016-10-28 07:20:00)",0,31.716501582810864
1,"[2016-10-28 07:20:00,2016-10-28 07:40:00)",0,33.71190902375465
1,"[2016-10-28 07:40:00,2016-10-28 08:00:00)",0,37.06627985187001
1,"[2016-10-28 15:00:00,2016-10-28 15:20:00)",0,42.038359052191254
1,"[2016-10-28 15:20:00,2016-10-28 15:40:00)",0,48.34138859304545
1,"[2016-10-28 15:40:00,2016-10-28 16:00:00)",0,53.01853720088473
1,"[2016-10-28 16:00:00,2016-10-28 16:20:00)",0,63.4757893478434
1,"[2016-10-28 16:20:00,2016-10-28 16:40:00)",0,64.05008845323408
1,"[2016-10-28 16:40:00,2016-10-28 17:00:00)",0,64.47047200663737
1,"[2016-10-29 06:00:00,2016-10-29 06:20:00)",0,12.89582733448383
1,"[2016-10-29 06:20:00,2016-10-29 06:40:00)",0,13.325088384123404
1,"[2016-10-29 06:40:00,2016-10-29 07:00:00)",0,15.734356187813392
1,"[2016-10-29 07:00:00,2016-10-29 07:20:00)",0,25.379874855465232
1,"[2016-10-29 07:20:00,2016-10-29 07:40:00)",0,25.86355663602845
1,"[2016-10-29 07:40:00,2016-10-29 08:00:00)",0,28.35201942963322
1,"[2016-10-29 15:00:00,2016-10-29 15:20:00)",0,40.7238673417485
1,"[2016-10-29 15:20:00,2016-10-29 15:40:00)",0,46.880723976979446
1,"[2016-10-29 15:40:00,2016-10-29 16:00:00)",0,51.164927042326624
1,"[2016-10-29 16:00:00,2016-10-29 16:20:00)",0,49.264409368213876
1,"[2016-10-29 16:20:00,2016-10-29 16:40:00)",0,50.13366664545974
1,"[2016-10-29 16:40:00,2016-10-29 17:00:00)",0,48.28500420312326
1,"[2016-10-30 06:00:00,2016-10-30 06:20:00)",0,19.07277644756423
1,"[2016-10-30 06:20:00,2016-10-30 06:40:00)",0,23.77802909683953
1,"[2016-10-30 06:40:00,2016-10-30 07:00:00)",0,25.26474645802648
1,"[2016-10-30 07:00:00,2016-10-30 07:20:00)",0,56.447863054542125
1,"[2016-10-30 07:20:00,2016-10-30 07:40:00)",0,59.66529776155242
1,"[2016-10-30 07:40:00,2016-10-30 08:00:00)",0,57.995856903412374
1,"[2016-10-30 15:00:00,2016-10-30 15:20:00)",0,90.55153621971337
1,"[2016-10-30 15:20:00,2016-10-30 15:40:00)",0,110.41402701448874
1,"[2016-10-30 15:40:00,2016-10-30 16:00:00)",0,117.59350554741664
1,"[2016-10-30 16:00:00,2016-10-30 16:20:00)",0,106.40709937881618
1,"[2016-10-30 16:20:00,2016-10-30 16:40:00)",0,105.7446606976329
1,"[2016-10-30 16:40:00,2016-10-30 17:00:00)",0,100.66223644919697
1,"[2016-10-31 06:00:00,2016-10-31 06:20:00)",0,34.39441104827943
1,"[2016-10-31 06:20:00,2016-10-31 06:40:00)",0,35.320391249907004
1,"[2016-10-31 06:40:00,2016-10-31 07:00:00)",0,37.34050754021817
1,"[2016-10-31 07:00:00,2016-10-31 07:20:00)",0,80.07934166616997
1,"[2016-10-31 07:20:00,2016-10-31 07:40:00)",0,80.56011348108481
1,"[2016-10-31 07:40:00,2016-10-31 08:00:00)",0,83.26298430650448
1,"[2016-10-31 15:00:00,2016-10-31 15:20:00)",0,66.65173906426655
1,"[2016-10-31 15:20:00,2016-10-31 15:40:00)",0,69.80524724640846
1,"[2016-10-31 15:40:00,2016-10-31 16:00:00)",0,79.03655476358172
1,"[2016-10-31 16:00:00,2016-10-31 16:20:00)",0,76.87508454909856
1,"[2016-10-31 16:20:00,2016-10-31 16:40:00)",0,76.83350729739021
1,"[2016-10-31 16:40:00,2016-10-31 17:00:00)",0,76.82477513647984
1,"[2016-10-25 06:00:00,2016-10-25 06:20:00)",1,78.9127899696989
1,"[2016-10-25 06:20:00,2016-10-25 06:40:00)",1,75.40553785300655
1,"[2016-10-25 06:40:00,2016-10-25 07:00:00)",1,50.97545025303597
1,"[2016-10-25 07:00:00,2016-10-25 07:20:00)",1,78.67286499438126
1,"[2016-10-25 07:20:00,2016-10-25 07:40:00)",1,80.51842919898691
1,"[2016-10-25 07:40:00,2016-10-25 08:00:00)",1,92.04240831883672
1,"[2016-10-25 15:00:00,2016-10-25 15:20:00)",1,93.56940414303011
1,"[2016-10-25 15:20:00,2016-10-25 15:40:00)",1,93.11523790024364
1,"[2016-10-25 15:40:00,2016-10-25 16:00:00)",1,93.70498429942018
1,"[2016-10-25 16:00:00,2016-10-25 16:20:00)",1,106.68433877560958
1,"[2016-10-25 16:20:00,2016-10-25 16:40:00)",1,106.64238905372673
1,"[2016-10-25 16:40:00,2016-10-25 17:00:00)",1,105.88324853063673
1,"[2016-10-26 06:00:00,2016-10-26 06:20:00)",1,74.85665258612607
1,"[2016-10-26 06:20:00,2016-10-26 06:40:00)",1,69.68724511505872
1,"[2016-10-26 06:40:00,2016-10-26 07:00:00)",1,49.29320890157993
1,"[2016-10-26 07:00:00,2016-10-26 07:20:00)",1,77.18238170805662
1,"[2016-10-26 07:20:00,2016-10-26 07:40:00)",1,81.82893418246258
1,"[2016-10-26 07:40:00,2016-10-26 08:00:00)",1,87.65860853342643
1,"[2016-10-26 15:00:00,2016-10-26 15:20:00)",1,93.58570721683269
1,"[2016-10-26 15:20:00,2016-10-26 15:40:00)",1,93.37328159849295
1,"[2016-10-26 15:40:00,2016-10-26 16:00:00)",1,95.55088176116386
1,"[2016-10-26 16:00:00,2016-10-26 16:20:00)",1,107.14297576374926
1,"[2016-10-26 16:20:00,2016-10-26 16:40:00)",1,105.75878632019764
1,"[2016-10-26 16:40:00,2016-10-26 17:00:00)",1,105.56789299945859
1,"[2016-10-27 06:00:00,2016-10-27 06:20:00)",1,66.64833074708298
1,"[2016-10-27 06:20:00,2016-10-27 06:40:00)",1,61.211407768709314
1,"[2016-10-27 06:40:00,2016-10-27 07:00:00)",1,45.38246459824343
1,"[2016-10-27 07:00:00,2016-10-27 07:20:00)",1,73.65746900180142
1,"[2016-10-27 07:20:00,2016-10-27 07:40:00)",1,74.51703814064234
1,"[2016-10-27 07:40:00,2016-10-27 08:00:00)",1,80.98274745079469
1,"[2016-10-27 15:00:00,2016-10-27 15:20:00)",1,93.79443998260271
1,"[2016-10-27 15:20:00,2016-10-27 15:40:00)",1,92.5752697596302
1,"[2016-10-27 15:40:00,2016-10-27 16:00:00)",1,94.83343827164391
1,"[2016-10-27 16:00:00,2016-10-27 16:20:00)",1,95.58982092056061
1,"[2016-10-27 16:20:00,2016-10-27 16:40:00)",1,95.6547582834491
1,"[2016-10-27 16:40:00,2016-10-27 17:00:00)",1,96.72199859271169
1,"[2016-10-28 06:00:00,2016-10-28 06:20:00)",1,79.53881620827515
1,"[2016-10-28 06:20:00,2016-10-28 06:40:00)",1,77.06778394284356
1,"[2016-10-28 06:40:00,2016-10-28 07:00:00)",1,53.181883015075314
1,"[2016-10-28 07:00:00,2016-10-28 07:20:00)",1,89.42961150360716
1,"[2016-10-28 07:20:00,2016-10-28 07:40:00)",1,97.26803088376036
1,"[2016-10-28 07:40:00,2016-10-28 08:00:00)",1,98.67034525628247
1,"[2016-10-28 15:00:00,2016-10-28 15:20:00)",1,114.96513744575182
1,"[2016-10-28 15:20:00,2016-10-28 15:40:00)",1,107.07399285614031
1,"[2016-10-28 15:40:00,2016-10-28 16:00:00)",1,106.52176450326354
1,"[2016-10-28 16:00:00,2016-10-28 16:20:00)",1,110.66822725196155
1,"[2016-10-28 16:20:00,2016-10-28 16:40:00)",1,111.59595521615991
1,"[2016-10-28 16:40:00,2016-10-28 17:00:00)",1,109.83092550384887
1,"[2016-10-29 06:00:00,2016-10-29 06:20:00)",1,65.48819284263456
1,"[2016-10-29 06:20:00,2016-10-29 06:40:00)",1,60.26990544789379
1,"[2016-10-29 06:40:00,2016-10-29 07:00:00)",1,41.016010027663256
1,"[2016-10-29 07:00:00,2016-10-29 07:20:00)",1,68.81452240346802
1,"[2016-10-29 07:20:00,2016-10-29 07:40:00)",1,68.06524512673045
1,"[2016-10-29 07:40:00,2016-10-29 08:00:00)",1,67.9000026379594
1,"[2016-10-29 15:00:00,2016-10-29 15:20:00)",1,108.97525591047324
1,"[2016-10-29 15:20:00,2016-10-29 15:40:00)",1,78.52138803243382
1,"[2016-10-29 15:40:00,2016-10-29 16:00:00)",1,74.48743917399177
1,"[2016-10-29 16:00:00,2016-10-29 16:20:00)",1,94.5031695112548
1,"[2016-10-29 16:20:00,2016-10-29 16:40:00)",1,97.41493954910099
1,"[2016-10-29 16:40:00,2016-10-29 17:00:00)",1,96.07705150482289
1,"[2016-10-30 06:00:00,2016-10-30 06:20:00)",1,69.54600142617605
1,"[2016-10-30 06:20:00,2016-10-30 06:40:00)",1,64.84194038278196
1,"[2016-10-30 06:40:00,2016-10-30 07:00:00)",1,45.14410818897642
1,"[2016-10-30 07:00:00,2016-10-30 07:20:00)",1,63.60313056833735
1,"[2016-10-30 07:20:00,2016-10-30 07:40:00)",1,65.26746852976532
1,"[2016-10-30 07:40:00,2016-10-30 08:00:00)",1,64.12347296449171
1,"[2016-10-30 15:00:00,2016-10-30 15:20:00)",1,161.07181195935362
1,"[2016-10-30 15:20:00,2016-10-30 15:40:00)",1,151.09016222259862
1,"[2016-10-30 15:40:00,2016-10-30 16:00:00)",1,110.99294885110345
1,"[2016-10-30 16:00:00,2016-10-30 16:20:00)",1,103.99020170227936
1,"[2016-10-30 16:20:00,2016-10-30 16:40:00)",1,105.1805209849849
1,"[2016-10-30 16:40:00,2016-10-30 17:00:00)",1,106.64142752976724
1,"[2016-10-31 06:00:00,2016-10-31 06:20:00)",1,79.08177885803491
1,"[2016-10-31 06:20:00,2016-10-31 06:40:00)",1,72.85676307064355
1,"[2016-10-31 06:40:00,2016-10-31 07:00:00)",1,49.16961237449331
1,"[2016-10-31 07:00:00,2016-10-31 07:20:00)",1,90.36968515242032
1,"[2016-10-31 07:20:00,2016-10-31 07:40:00)",1,99.85178784780655
1,"[2016-10-31 07:40:00,2016-10-31 08:00:00)",1,98.80827789276005
1,"[2016-10-31 15:00:00,2016-10-31 15:20:00)",1,93.31581832480867
1,"[2016-10-31 15:20:00,2016-10-31 15:40:00)",1,95.71946993257231
1,"[2016-10-31 15:40:00,2016-10-31 16:00:00)",1,98.41901575595114
1,"[2016-10-31 16:00:00,2016-10-31 16:20:00)",1,97.10211578023123
1,"[2016-10-31 16:20:00,2016-10-31 16:40:00)",1,97.34927432081865
1,"[2016-10-31 16:40:00,2016-10-31 17:00:00)",1,97.90969210714837
2,"[2016-10-25 06:00:00,2016-10-25 06:20:00)",0,18.595338911183227
2,"[2016-10-25 06:20:00,2016-10-25 06:40:00)",0,31.07326658083913
2,"[2016-10-25 06:40:00,2016-10-25 07:00:00)",0,32.52186705876926
2,"[2016-10-25 07:00:00,2016-10-25 07:20:00)",0,80.04021414228794
2,"[2016-10-25 07:20:00,2016-10-25 07:40:00)",0,91.17489622904212
2,"[2016-10-25 07:40:00,2016-10-25 08:00:00)",0,95.01200613902004
2,"[2016-10-25 15:00:00,2016-10-25 15:20:00)",0,58.08313527568142
2,"[2016-10-25 15:20:00,2016-10-25 15:40:00)",0,78.28472334099972
2,"[2016-10-25 15:40:00,2016-10-25 16:00:00)",0,78.40616486452541
2,"[2016-10-25 16:00:00,2016-10-25 16:20:00)",0,84.30575724718773
2,"[2016-10-25 16:20:00,2016-10-25 16:40:00)",0,77.72113073896611
2,"[2016-10-25 16:40:00,2016-10-25 17:00:00)",0,77.61593016003158
2,"[2016-10-26 06:00:00,2016-10-26 06:20:00)",0,19.355788584283946
2,"[2016-10-26 06:20:00,2016-10-26 06:40:00)",0,31.12518101301936
2,"[2016-10-26 06:40:00,2016-10-26 07:00:00)",0,33.18608788130337
2,"[2016-10-26 07:00:00,2016-10-26 07:20:00)",0,74.23086197948527
2,"[2016-10-26 07:20:00,2016-10-26 07:40:00)",0,85.58128919451607
2,"[2016-10-26 07:40:00,2016-10-26 08:00:00)",0,86.80943854880479
2,"[2016-10-26 15:00:00,2016-10-26 15:20:00)",0,44.08025013026115
2,"[2016-10-26 15:20:00,2016-10-26 15:40:00)",0,63.313790669607485
2,"[2016-10-26 15:40:00,2016-10-26 16:00:00)",0,63.46016721417723
2,"[2016-10-26 16:00:00,2016-10-26 16:20:00)",0,78.08215415041096
2,"[2016-10-26 16:20:00,2016-10-26 16:40:00)",0,78.0774102232232
2,"[2016-10-26 16:40:00,2016-10-26 17:00:00)",0,78.08701528000265
2,"[2016-10-27 06:00:00,2016-10-27 06:20:00)",0,21.69418361606974
2,"[2016-10-27 06:20:00,2016-10-27 06:40:00)",0,30.76241749389973
2,"[2016-10-27 06:40:00,2016-10-27 07:00:00)",0,36.20680181651254
2,"[2016-10-27 07:00:00,2016-10-27 07:20:00)",0,80.39904462529118
2,"[2016-10-27 07:20:00,2016-10-27 07:40:00)",0,87.8848660057447
2,"[2016-10-27 07:40:00,2016-10-27 08:00:00)",0,90.00855485826284
2,"[2016-10-27 15:00:00,2016-10-27 15:20:00)",0,39.723079489342304
2,"[2016-10-27 15:20:00,2016-10-27 15:40:00)",0,62.01806317429467
2,"[2016-10-27 15:40:00,2016-10-27 16:00:00)",0,64.64732007726556
2,"[2016-10-27 16:00:00,2016-10-27 16:20:00)",0,65.30725851657024
2,"[2016-10-27 16:20:00,2016-10-27 16:40:00)",0,64.94190299798308
2,"[2016-10-27 16:40:00,2016-10-27 17:00:00)",0,65.30725851657024
2,"[2016-10-28 06:00:00,2016-10-28 06:20:00)",0,16.938834345863278
2,"[2016-10-28 06:20:00,2016-10-28 06:40:00)",0,29.82585655041813
2,"[2016-10-28 06:40:00,2016-10-28 07:00:00)",0,31.892623306004737
2,"[2016-10-28 07:00:00,2016-10-28 07:20:00)",0,80.6669931167398
2,"[2016-10-28 07:20:00,2016-10-28 07:40:00)",0,87.37432927421719
2,"[2016-10-28 07:40:00,2016-10-28 08:00:00)",0,93.8234552404991
2,"[2016-10-28 15:00:00,2016-10-28 15:20:00)",0,75.58142972068961
2,"[2016-10-28 15:20:00,2016-10-28 15:40:00)",0,92.92578948927951
2,"[2016-10-28 15:40:00,2016-10-28 16:00:00)",0,96.48403778892822
2,"[2016-10-28 16:00:00,2016-10-28 16:20:00)",0,98.94832973340337
2,"[2016-10-28 16:20:00,2016-10-28 16:40:00)",0,93.66782830687427
2,"[2016-10-28 16:40:00,2016-10-28 17:00:00)",0,94.73028906482415
2,"[2016-10-29 06:00:00,2016-10-29 06:20:00)",0,22.273662767219115
2,"[2016-10-29 06:20:00,2016-10-29 06:40:00)",0,32.38810100336147
2,"[2016-10-29 06:40:00,2016-10-29 07:00:00)",0,34.871432110942266
2,"[2016-10-29 07:00:00,2016-10-29 07:20:00)",0,46.45732941678891
2,"[2016-10-29 07:20:00,2016-10-29 07:40:00)",0,43.48300838198189
2,"[2016-10-29 07:40:00,2016-10-29 08:00:00)",0,49.91600864364926
2,"[2016-10-29 15:00:00,2016-10-29 15:20:00)",0,63.075540595884405
2,"[2016-10-29 15:20:00,2016-10-29 15:40:00)",0,80.9012995991501
2,"[2016-10-29 15:40:00,2016-10-29 16:00:00)",0,81.11690310815565
2,"[2016-10-29 16:00:00,2016-10-29 16:20:00)",0,77.17040928687231
2,"[2016-10-29 16:20:00,2016-10-29 16:40:00)",0,77.3811117150282
2,"[2016-10-29 16:40:00,2016-10-29 17:00:00)",0,77.10414508505842
2,"[2016-10-30 06:00:00,2016-10-30 06:20:00)",0,3.392360993523865
2,"[2016-10-30 06:20:00,2016-10-30 06:40:00)",0,3.9053032652412387
2,"[2016-10-30 06:40:00,2016-10-30 07:00:00)",0,3.704297826383713
2,"[2016-10-30 07:00:00,2016-10-30 07:20:00)",0,8.245000442331532
2,"[2016-10-30 07:20:00,2016-10-30 07:40:00)",0,8.23951770261837
2,"[2016-10-30 07:40:00,2016-10-30 08:00:00)",0,9.048511036747763
2,"[2016-10-30 15:00:00,2016-10-30 15:20:00)",0,14.180074590476154
2,"[2016-10-30 15:20:00,2016-10-30 15:40:00)",0,17.760948548031628
2,"[2016-10-30 15:40:00,2016-10-30 16:00:00)",0,19.774389306281822
2,"[2016-10-30 16:00:00,2016-10-30 16:20:00)",0,20.515038982755563
2,"[2016-10-30 16:20:00,2016-10-30 16:40:00)",0,18.335636838056466
2,"[2016-10-30 16:40:00,2016-10-30 17:00:00)",0,20.28025431279773
2,"[2016-10-31 06:00:00,2016-10-31 06:20:00)",0,9.467969200718368
2,"[2016-10-31 06:20:00,2016-10-31 06:40:00)",0,10.703215499717363
2,"[2016-10-31 06:40:00,2016-10-31 07:00:00)",0,10.814717314911181
2,"[2016-10-31 07:00:00,2016-10-31 07:20:00)",0,34.82156571334026
2,"[2016-10-31 07:20:00,2016-10-31 07:40:00)",0,41.0675809061978
2,"[2016-10-31 07:40:00,2016-10-31 08:00:00)",0,45.27622569219513
2,"[2016-10-31 15:00:00,2016-10-31 15:20:00)",0,11.907311972926724
2,"[2016-10-31 15:20:00,2016-10-31 15:40:00)",0,13.545665476101744
2,"[2016-10-31 15:40:00,2016-10-31 16:00:00)",0,14.786011771686958
2,"[2016-10-31 16:00:00,2016-10-31 16:20:00)",0,15.81605694789242
2,"[2016-10-31 16:20:00,2016-10-31 16:40:00)",0,16.232673428859812
2,"[2016-10-31 16:40:00,2016-10-31 17:00:00)",0,15.825081972303092
3,"[2016-10-25 06:00:00,2016-10-25 06:20:00)",0,29.698461032844257
3,"[2016-10-25 06:20:00,2016-10-25 06:40:00)",0,36.22444872786303
3,"[2016-10-25 06:40:00,2016-10-25 07:00:00)",0,67.77675897362829
3,"[2016-10-25 07:00:00,2016-10-25 07:20:00)",0,120.92985941993234
3,"[2016-10-25 07:20:00,2016-10-25 07:40:00)",0,129.30380172992605
3,"[2016-10-25 07:40:00,2016-10-25 08:00:00)",0,133.86968782420755
3,"[2016-10-25 15:00:00,2016-10-25 15:20:00)",0,93.75964161184115
3,"[2016-10-25 15:20:00,2016-10-25 15:40:00)",0,112.65253700336268
3,"[2016-10-25 15:40:00,2016-10-25 16:00:00)",0,122.19015741852246
3,"[2016-10-25 16:00:00,2016-10-25 16:20:00)",0,124.96990731756406
3,"[2016-10-25 16:20:00,2016-10-25 16:40:00)",0,126.01424127303571
3,"[2016-10-25 16:40:00,2016-10-25 17:00:00)",0,127.67209825800623
3,"[2016-10-26 06:00:00,2016-10-26 06:20:00)",0,29.339918833005953
3,"[2016-10-26 06:20:00,2016-10-26 06:40:00)",0,31.58153083242898
3,"[2016-10-26 06:40:00,2016-10-26 07:00:00)",0,59.55082452521803
3,"[2016-10-26 07:00:00,2016-10-26 07:20:00)",0,117.15383047903248
3,"[2016-10-26 07:20:00,2016-10-26 07:40:00)",0,125.80531021819749
3,"[2016-10-26 07:40:00,2016-10-26 08:00:00)",0,127.67513389104269
3,"[2016-10-26 15:00:00,2016-10-26 15:20:00)",0,84.83535432030172
3,"[2016-10-26 15:20:00,2016-10-26 15:40:00)",0,99.48915052180067
3,"[2016-10-26 15:40:00,2016-10-26 16:00:00)",0,113.91623480328734
3,"[2016-10-26 16:00:00,2016-10-26 16:20:00)",0,124.01931128132392
3,"[2016-10-26 16:20:00,2016-10-26 16:40:00)",0,128.89747555972147
3,"[2016-10-26 16:40:00,2016-10-26 17:00:00)",0,129.05398092144557
3,"[2016-10-27 06:00:00,2016-10-27 06:20:00)",0,36.00991262456318
3,"[2016-10-27 06:20:00,2016-10-27 06:40:00)",0,35.58367102545755
3,"[2016-10-27 06:40:00,2016-10-27 07:00:00)",0,40.84475520460779
3,"[2016-10-27 07:00:00,2016-10-27 07:20:00)",0,107.4441253542945
3,"[2016-10-27 07:20:00,2016-10-27 07:40:00)",0,112.96289095112967
3,"[2016-10-27 07:40:00,2016-10-27 08:00:00)",0,117.4561048947695
3,"[2016-10-27 15:00:00,2016-10-27 15:20:00)",0,67.30904173325584
3,"[2016-10-27 15:20:00,2016-10-27 15:40:00)",0,94.3710837895488
3,"[2016-10-27 15:40:00,2016-10-27 16:00:00)",0,102.51329187479266
3,"[2016-10-27 16:00:00,2016-10-27 16:20:00)",0,114.74511688414282
3,"[2016-10-27 16:20:00,2016-10-27 16:40:00)",0,114.77802439132819
3,"[2016-10-27 16:40:00,2016-10-27 17:00:00)",0,119.72605845048628
3,"[2016-10-28 06:00:00,2016-10-28 06:20:00)",0,29.951567470739086
3,"[2016-10-28 06:20:00,2016-10-28 06:40:00)",0,31.902196097118104
3,"[2016-10-28 06:40:00,2016-10-28 07:00:00)",0,58.52058647273732
3,"[2016-10-28 07:00:00,2016-10-28 07:20:00)",0,108.11286362046485
3,"[2016-10-28 07:20:00,2016-10-28 07:40:00)",0,115.45746975714599
3,"[2016-10-28 07:40:00,2016-10-28 08:00:00)",0,120.01304255687253
3,"[2016-10-28 15:00:00,2016-10-28 15:20:00)",0,109.07305629382483
3,"[2016-10-28 15:20:00,2016-10-28 15:40:00)",0,133.51478983613885
3,"[2016-10-28 15:40:00,2016-10-28 16:00:00)",0,150.42582919903666
3,"[2016-10-28 16:00:00,2016-10-28 16:20:00)",0,147.46215691094557
3,"[2016-10-28 16:20:00,2016-10-28 16:40:00)",0,148.7561102504086
3,"[2016-10-28 16:40:00,2016-10-28 17:00:00)",0,148.3228158146497
3,"[2016-10-29 06:00:00,2016-10-29 06:20:00)",0,34.60464004455906
3,"[2016-10-29 06:20:00,2016-10-29 06:40:00)",0,35.316227347030214
3,"[2016-10-29 06:40:00,2016-10-29 07:00:00)",0,39.68760858944586
3,"[2016-10-29 07:00:00,2016-10-29 07:20:00)",0,72.40891085512607
3,"[2016-10-29 07:20:00,2016-10-29 07:40:00)",0,75.33430396558065
3,"[2016-10-29 07:40:00,2016-10-29 08:00:00)",0,74.55872167201747
3,"[2016-10-29 15:00:00,2016-10-29 15:20:00)",0,89.97529601940263
3,"[2016-10-29 15:20:00,2016-10-29 15:40:00)",0,109.29497988691776
3,"[2016-10-29 15:40:00,2016-10-29 16:00:00)",0,117.66741920016301
3,"[2016-10-29 16:00:00,2016-10-29 16:20:00)",0,112.99388451211058
3,"[2016-10-29 16:20:00,2016-10-29 16:40:00)",0,115.09875453808533
3,"[2016-10-29 16:40:00,2016-10-29 17:00:00)",0,117.57616193985757
3,"[2016-10-30 06:00:00,2016-10-30 06:20:00)",0,50.72686270515004
3,"[2016-10-30 06:20:00,2016-10-30 06:40:00)",0,32.05337768513348
3,"[2016-10-30 06:40:00,2016-10-30 07:00:00)",0,34.08432673775819
3,"[2016-10-30 07:00:00,2016-10-30 07:20:00)",0,69.4950918246829
3,"[2016-10-30 07:20:00,2016-10-30 07:40:00)",0,73.15395105782608
3,"[2016-10-30 07:40:00,2016-10-30 08:00:00)",0,72.55209015143183
3,"[2016-10-30 15:00:00,2016-10-30 15:20:00)",0,99.48836021855999
3,"[2016-10-30 15:20:00,2016-10-30 15:40:00)",0,122.9740975044848
3,"[2016-10-30 15:40:00,2016-10-30 16:00:00)",0,139.68210465694568
3,"[2016-10-30 16:00:00,2016-10-30 16:20:00)",0,127.07541991944808
3,"[2016-10-30 16:20:00,2016-10-30 16:40:00)",0,126.00847106376378
3,"[2016-10-30 16:40:00,2016-10-30 17:00:00)",0,126.01716635823448
3,"[2016-10-31 06:00:00,2016-10-31 06:20:00)",0,29.433152514885037
3,"[2016-10-31 06:20:00,2016-10-31 06:40:00)",0,32.68892404358276
3,"[2016-10-31 06:40:00,2016-10-31 07:00:00)",0,66.34215743141712
3,"[2016-10-31 07:00:00,2016-10-31 07:20:00)",0,138.39123065688437
3,"[2016-10-31 07:20:00,2016-10-31 07:40:00)",0,148.4509829021787
3,"[2016-10-31 07:40:00,2016-10-31 08:00:00)",0,151.46802371658487
3,"[2016-10-31 15:00:00,2016-10-31 15:20:00)",0,66.02707163229991
3,"[2016-10-31 15:20:00,2016-10-31 15:40:00)",0,93.1752041376739
3,"[2016-10-31 15:40:00,2016-10-31 16:00:00)",0,99.60097404922537
3,"[2016-10-31 16:00:00,2016-10-31 16:20:00)",0,107.08189329826274
3,"[2016-10-31 16:20:00,2016-10-31 16:40:00)",0,109.98961328803026
3,"[2016-10-31 16:40:00,2016-10-31 17:00:00)",0,112.68493836239199
3,"[2016-10-25 06:00:00,2016-10-25 06:20:00)",1,27.656798746949093
3,"[2016-10-25 06:20:00,2016-10-25 06:40:00)",1,31.521818284436414
3,"[2016-10-25 06:40:00,2016-10-25 07:00:00)",1,33.46464071544608
3,"[2016-10-25 07:00:00,2016-10-25 07:20:00)",1,69.98049957252135
3,"[2016-10-25 07:20:00,2016-10-25 07:40:00)",1,73.31461028986166
3,"[2016-10-25 07:40:00,2016-10-25 08:00:00)",1,75.20056012372517
3,"[2016-10-25 15:00:00,2016-10-25 15:20:00)",1,107.2145109729274
3,"[2016-10-25 15:20:00,2016-10-25 15:40:00)",1,104.21588108373955
3,"[2016-10-25 15:40:00,2016-10-25 16:00:00)",1,85.55875808540995
3,"[2016-10-25 16:00:00,2016-10-25 16:20:00)",1,95.33641314105876
3,"[2016-10-25 16:20:00,2016-10-25 16:40:00)",1,96.83636322247705
3,"[2016-10-25 16:40:00,2016-10-25 17:00:00)",1,96.91665232922466
3,"[2016-10-26 06:00:00,2016-10-26 06:20:00)",1,24.786155509561333
3,"[2016-10-26 06:20:00,2016-10-26 06:40:00)",1,28.071802974500407
3,"[2016-10-26 06:40:00,2016-10-26 07:00:00)",1,32.0057353696277
3,"[2016-10-26 07:00:00,2016-10-26 07:20:00)",1,64.18676424957408
3,"[2016-10-26 07:20:00,2016-10-26 07:40:00)",1,65.52354527144115
3,"[2016-10-26 07:40:00,2016-10-26 08:00:00)",1,66.85276655500863
3,"[2016-10-26 15:00:00,2016-10-26 15:20:00)",1,87.57871300079594
3,"[2016-10-26 15:20:00,2016-10-26 15:40:00)",1,90.29536812031256
3,"[2016-10-26 15:40:00,2016-10-26 16:00:00)",1,76.07065743762628
3,"[2016-10-26 16:00:00,2016-10-26 16:20:00)",1,91.74501309794802
3,"[2016-10-26 16:20:00,2016-10-26 16:40:00)",1,92.28885816551835
3,"[2016-10-26 16:40:00,2016-10-26 17:00:00)",1,93.24300958809965
3,"[2016-10-27 06:00:00,2016-10-27 06:20:00)",1,26.112995701026993
3,"[2016-10-27 06:20:00,2016-10-27 06:40:00)",1,29.612551284378924
3,"[2016-10-27 06:40:00,2016-10-27 07:00:00)",1,32.30200300232146
3,"[2016-10-27 07:00:00,2016-10-27 07:20:00)",1,71.00913532776141
3,"[2016-10-27 07:20:00,2016-10-27 07:40:00)",1,70.26783479356862
3,"[2016-10-27 07:40:00,2016-10-27 08:00:00)",1,73.67803818369131
3,"[2016-10-27 15:00:00,2016-10-27 15:20:00)",1,112.58743239707775
3,"[2016-10-27 15:20:00,2016-10-27 15:40:00)",1,105.31337819141638
3,"[2016-10-27 15:40:00,2016-10-27 16:00:00)",1,85.69890303494392
3,"[2016-10-27 16:00:00,2016-10-27 16:20:00)",1,101.58370482030531
3,"[2016-10-27 16:20:00,2016-10-27 16:40:00)",1,103.87518183962425
3,"[2016-10-27 16:40:00,2016-10-27 17:00:00)",1,104.13288661005645
3,"[2016-10-28 06:00:00,2016-10-28 06:20:00)",1,26.859346435822857
3,"[2016-10-28 06:20:00,2016-10-28 06:40:00)",1,26.147102326483846
3,"[2016-10-28 06:40:00,2016-10-28 07:00:00)",1,28.243332027077415
3,"[2016-10-28 07:00:00,2016-10-28 07:20:00)",1,59.21594659220568
3,"[2016-10-28 07:20:00,2016-10-28 07:40:00)",1,59.49515963753424
3,"[2016-10-28 07:40:00,2016-10-28 08:00:00)",1,60.374925538730025
3,"[2016-10-28 15:00:00,2016-10-28 15:20:00)",1,133.5870230873009
3,"[2016-10-28 15:20:00,2016-10-28 15:40:00)",1,112.78234090747986
3,"[2016-10-28 15:40:00,2016-10-28 16:00:00)",1,115.31366594865193
3,"[2016-10-28 16:00:00,2016-10-28 16:20:00)",1,96.95388305900616
3,"[2016-10-28 16:20:00,2016-10-28 16:40:00)",1,96.32562374560567
3,"[2016-10-28 16:40:00,2016-10-28 17:00:00)",1,96.91323799265797
3,"[2016-10-29 06:00:00,2016-10-29 06:20:00)",1,27.621130580847478
3,"[2016-10-29 06:20:00,2016-10-29 06:40:00)",1,23.95696310525497
3,"[2016-10-29 06:40:00,2016-10-29 07:00:00)",1,22.750208028796408
3,"[2016-10-29 07:00:00,2016-10-29 07:20:00)",1,57.52044209468987
3,"[2016-10-29 07:20:00,2016-10-29 07:40:00)",1,57.96151705217174
3,"[2016-10-29 07:40:00,2016-10-29 08:00:00)",1,60.863648589384766
3,"[2016-10-29 15:00:00,2016-10-29 15:20:00)",1,107.91482689316004
3,"[2016-10-29 15:20:00,2016-10-29 15:40:00)",1,105.47937095124126
3,"[2016-10-29 15:40:00,2016-10-29 16:00:00)",1,82.81713337487099
3,"[2016-10-29 16:00:00,2016-10-29 16:20:00)",1,88.98308908189665
3,"[2016-10-29 16:20:00,2016-10-29 16:40:00)",1,88.4152320755031
3,"[2016-10-29 16:40:00,2016-10-29 17:00:00)",1,86.92366222350108
3,"[2016-10-30 06:00:00,2016-10-30 06:20:00)",1,24.041895283478425
3,"[2016-10-30 06:20:00,2016-10-30 06:40:00)",1,24.249129781418603
3,"[2016-10-30 06:40:00,2016-10-30 07:00:00)",1,25.06792966880173
3,"[2016-10-30 07:00:00,2016-10-30 07:20:00)",1,56.62201450683403
3,"[2016-10-30 07:20:00,2016-10-30 07:40:00)",1,57.142976819096596
3,"[2016-10-30 07:40:00,2016-10-30 08:00:00)",1,57.45708900864592
3,"[2016-10-30 15:00:00,2016-10-30 15:20:00)",1,129.31569800573806
3,"[2016-10-30 15:20:00,2016-10-30 15:40:00)",1,120.03259707954561
3,"[2016-10-30 15:40:00,2016-10-30 16:00:00)",1,128.0817347698898
3,"[2016-10-30 16:00:00,2016-10-30 16:20:00)",1,113.3665748057193
3,"[2016-10-30 16:20:00,2016-10-30 16:40:00)",1,111.54273639619655
3,"[2016-10-30 16:40:00,2016-10-30 17:00:00)",1,112.70024459938398
3,"[2016-10-31 06:00:00,2016-10-31 06:20:00)",1,26.636975434796575
3,"[2016-10-31 06:20:00,2016-10-31 06:40:00)",1,29.072370368212955
3,"[2016-10-31 06:40:00,2016-10-31 07:00:00)",1,32.60896197406621
3,"[2016-10-31 07:00:00,2016-10-31 07:20:00)",1,79.5168632317403
3,"[2016-10-31 07:20:00,2016-10-31 07:40:00)",1,84.23720482820104
3,"[2016-10-31 07:40:00,2016-10-31 08:00:00)",1,84.8621802056754
3,"[2016-10-31 15:00:00,2016-10-31 15:20:00)",1,100.83445427707174
3,"[2016-10-31 15:20:00,2016-10-31 15:40:00)",1,99.89810773093066
3,"[2016-10-31 15:40:00,2016-10-31 16:00:00)",1,82.37334583010417
3,"[2016-10-31 16:00:00,2016-10-31 16:20:00)",1,72.2413488665608
3,"[2016-10-31 16:20:00,2016-10-31 16:40:00)",1,72.5536002585944
3,"[2016-10-31 16:40:00,2016-10-31 17:00:00)",1,72.52086260855238
