time,tollgate_id,direction,time_window,volume,day,hour,minute,week,weekend,am_pm,volume_anterior,volume_anterior_2,avg_vol_dia_semana,desvio_padrao,media_volume_hora_dia,desvio_padrao_hora_dia,min_volume_hora_dia,max_volume_hora_dia,mediana_volume_hora_dia,min_volume_weekday,max_volume_weekday,mediana_volume_weekday,media_volume_weekday,desvio_padrao_weekday,min_volume_dia_am_pm,max_volume_dia_am_pm,mediana_volume_dia_am_pm,media_volume_dia_am_pm,desvio_padrao_am_pm,window_n
2016-10-25 06:00:00,1,0,"[06:00:00,06:20:00)",10,25,6,0,1,0,1,0.0,0.0,14.285714285714285,6.447590912226719,19.0,10.14889156509222,10,30,17,10,13,11.5,11.5,2.1213203435596424,10,44,27.5,27.333333333333332,12.738393409950357,18
2016-10-25 06:00:00,1,1,"[06:00:00,06:20:00)",37,25,6,0,1,0,1,0.0,0.0,36.57142857142857,2.992052966172382,51.333333333333336,13.203534880225572,37,63,54,37,37,37.0,37.0,0.0,37,133,65.0,75.5,34.73182978191618,18
2016-10-25 06:00:00,2,0,"[06:00:00,06:20:00)",29,25,6,0,1,0,1,0.0,0.0,19.714285714285715,9.655987533033338,32.0,7.0,27,40,29,24,29,26.5,26.5,3.5355339059327378,27,98,61.5,61.666666666666664,33.15217438821573,18
2016-10-25 06:00:00,3,0,"[06:00:00,06:20:00)",28,25,6,0,1,0,1,0.0,0.0,24.142857142857146,4.29839394148448,56.0,32.7414110874898,28,92,48,28,30,29.0,29.0,1.4142135623730951,28,139,110.5,94.5,47.10307845565935,18
2016-10-25 06:00:00,3,1,"[06:00:00,06:20:00)",30,25,6,0,1,0,1,0.0,0.0,21.428571428571427,5.1269595556932455,34.333333333333336,6.658328118479392,30,42,31,23,30,26.5,26.5,4.949747468305833,30,89,52.0,56.333333333333336,26.097254006248757,18
2016-10-25 06:20:00,1,0,"[06:20:00,06:40:00)",17,25,6,20,1,0,1,10.0,0.0,22.428571428571423,14.808298831591502,19.0,10.14889156509222,10,30,17,17,17,17.0,17.0,0.0,10,44,27.5,27.333333333333332,12.738393409950357,19
2016-10-25 06:20:00,1,1,"[06:20:00,06:40:00)",54,25,6,20,1,0,1,37.0,0.0,47.714285714285715,6.5246784266681335,51.333333333333336,13.203534880225572,37,63,54,47,54,50.5,50.5,4.949747468305833,37,133,65.0,75.5,34.73182978191618,19
2016-10-25 06:20:00,2,0,"[06:20:00,06:40:00)",27,25,6,20,1,0,1,29.0,0.0,24.0,13.686976778431873,32.0,7.0,27,40,29,27,36,31.5,31.5,6.363961030678928,27,98,61.5,61.666666666666664,33.15217438821573,19
2016-10-25 06:20:00,3,0,"[06:20:00,06:40:00)",48,25,6,20,1,0,1,28.0,0.0,45.42857142857143,6.876460883747853,56.0,32.7414110874898,28,92,48,42,48,45.0,45.0,4.242640687119285,28,139,110.5,94.5,47.10307845565935,19
2016-10-25 06:20:00,3,1,"[06:20:00,06:40:00)",31,25,6,20,1,0,1,30.0,0.0,28.857142857142854,5.698788509515902,34.333333333333336,6.658328118479392,30,42,31,29,31,30.0,30.0,1.4142135623730951,30,89,52.0,56.333333333333336,26.097254006248757,19
2016-10-25 06:40:00,1,0,"[06:40:00,07:00:00)",30,25,6,40,1,0,1,17.0,10.0,28.714285714285715,14.941154414505437,19.0,10.14889156509222,10,30,17,21,30,25.5,25.5,6.363961030678928,10,44,27.5,27.333333333333332,12.738393409950357,20
2016-10-25 06:40:00,1,1,"[06:40:00,07:00:00)",63,25,6,40,1,0,1,54.0,37.0,60.42857142857143,7.2078000077957896,51.333333333333336,13.203534880225572,37,63,54,63,72,67.5,67.5,6.363961030678928,37,133,65.0,75.5,34.73182978191618,20
2016-10-25 06:40:00,2,0,"[06:40:00,07:00:00)",40,25,6,40,1,0,1,27.0,29.0,34.57142857142857,17.77504939380988,32.0,7.0,27,40,29,40,46,43.0,43.0,4.242640687119285,27,98,61.5,61.666666666666664,33.15217438821573,20
2016-10-25 06:40:00,3,0,"[06:40:00,07:00:00)",92,25,6,40,1,0,1,48.0,28.0,70.71428571428571,12.802529511966062,56.0,32.7414110874898,28,92,48,85,92,88.5,88.5,4.949747468305833,28,139,110.5,94.5,47.10307845565935,20
2016-10-25 06:40:00,3,1,"[06:40:00,07:00:00)",42,25,6,40,1,0,1,31.0,30.0,41.142857142857146,9.58172864411865,34.333333333333336,6.658328118479392,30,42,31,42,50,46.0,46.0,5.656854249492381,30,89,52.0,56.333333333333336,26.097254006248757,20
2016-10-25 07:00:00,1,0,"[07:00:00,07:20:00)",25,25,7,0,1,0,1,30.0,17.0,39.285714285714285,26.20886800120833,35.666666666666664,9.71253485622231,25,44,38,25,31,28.0,28.0,4.242640687119285,10,44,27.5,27.333333333333332,12.738393409950357,21
2016-10-25 07:00:00,1,1,"[07:00:00,07:20:00)",67,25,7,0,1,0,1,63.0,54.0,70.42857142857143,11.956269524913738,99.66666666666667,33.005050118630834,67,133,99,67,68,67.5,67.5,0.7071067811865476,37,133,65.0,75.5,34.73182978191618,21
2016-10-25 07:00:00,2,0,"[07:00:00,07:20:00)",83,25,7,0,1,0,1,40.0,27.0,52.85714285714285,27.7634566257432,91.33333333333333,7.637626158259734,83,98,93,83,83,83.0,83.0,0.0,27,98,61.5,61.666666666666664,33.15217438821573,21
2016-10-25 07:00:00,3,0,"[07:00:00,07:20:00)",129,25,7,0,1,0,1,92.0,48.0,111.57142857142857,31.55343162984096,133.0,5.291502622129181,129,139,131,114,129,121.5,121.5,10.606601717798213,28,139,110.5,94.5,47.10307845565935,21
2016-10-25 07:00:00,3,1,"[07:00:00,07:20:00)",62,25,7,0,1,0,1,42.0,31.0,56.85714285714285,6.618876325292972,78.33333333333333,14.364307617610162,62,89,84,56,62,59.0,59.0,4.242640687119285,30,89,52.0,56.333333333333336,26.097254006248757,21
2016-10-25 07:20:00,1,0,"[07:20:00,07:40:00)",38,25,7,20,1,0,1,25.0,30.0,45.42857142857143,23.308490176022005,35.666666666666664,9.71253485622231,25,44,38,28,38,33.0,33.0,7.0710678118654755,10,44,27.5,27.333333333333332,12.738393409950357,22
2016-10-25 07:20:00,1,1,"[07:20:00,07:40:00)",99,25,7,20,1,0,1,67.0,63.0,90.85714285714286,11.922367933546472,99.66666666666667,33.005050118630834,67,133,99,94,99,96.5,96.5,3.5355339059327378,37,133,65.0,75.5,34.73182978191618,22
2016-10-25 07:20:00,2,0,"[07:20:00,07:40:00)",98,25,7,20,1,0,1,83.0,40.0,67.42857142857143,33.11020559111215,91.33333333333333,7.637626158259734,83,98,93,87,98,92.5,92.5,7.7781745930520225,27,98,61.5,61.666666666666664,33.15217438821573,22
2016-10-25 07:20:00,3,0,"[07:20:00,07:40:00)",131,25,7,20,1,0,1,129.0,92.0,112.85714285714286,30.899992294651533,133.0,5.291502622129181,129,139,131,131,131,131.0,131.0,0.0,28,139,110.5,94.5,47.10307845565935,22
2016-10-25 07:20:00,3,1,"[07:20:00,07:40:00)",89,25,7,20,1,0,1,62.0,42.0,75.57142857142857,14.931590034299125,78.33333333333333,14.364307617610162,62,89,84,77,89,83.0,83.0,8.48528137423857,30,89,52.0,56.333333333333336,26.097254006248757,22
2016-10-25 07:40:00,1,0,"[07:40:00,08:00:00)",44,25,7,40,1,0,1,38.0,25.0,54.42857142857143,27.054618477302185,35.666666666666664,9.71253485622231,25,44,38,44,47,45.5,45.5,2.1213203435596424,10,44,27.5,27.333333333333332,12.738393409950357,23
2016-10-25 07:40:00,1,1,"[07:40:00,08:00:00)",133,25,7,40,1,0,1,99.0,67.0,104.14285714285714,21.698145630664477,99.66666666666667,33.005050118630834,67,133,99,105,133,119.0,119.0,19.79898987322333,37,133,65.0,75.5,34.73182978191618,23
2016-10-25 07:40:00,2,0,"[07:40:00,08:00:00)",93,25,7,40,1,0,1,98.0,83.0,76.85714285714286,33.78080604637576,91.33333333333333,7.637626158259734,83,98,93,93,97,95.0,95.0,2.8284271247461903,27,98,61.5,61.666666666666664,33.15217438821573,23
2016-10-25 07:40:00,3,0,"[07:40:00,08:00:00)",139,25,7,40,1,0,1,131.0,129.0,129.71428571428572,29.26154635760207,133.0,5.291502622129181,129,139,131,139,164,151.5,151.5,17.67766952966369,28,139,110.5,94.5,47.10307845565935,23
2016-10-25 07:40:00,3,1,"[07:40:00,08:00:00)",84,25,7,40,1,0,1,89.0,62.0,81.0,16.103829772241554,78.33333333333333,14.364307617610162,62,89,84,84,91,87.5,87.5,4.949747468305833,30,89,52.0,56.333333333333336,26.097254006248757,23
2016-10-25 15:00:00,1,0,"[15:00:00,15:20:00)",52,25,15,0,1,0,0,44.0,38.0,66.85714285714286,30.612789110808848,47.333333333333336,4.163331998932266,44,52,46,52,52,52.0,52.0,0.0,40,52,48.0,47.0,4.516635916254486,45
2016-10-25 15:00:00,1,1,"[15:00:00,15:20:00)",92,25,15,0,1,0,0,133.0,99.0,97.71428571428572,8.22018421760903,97.33333333333333,11.930353445448853,89,111,92,72,92,82.0,82.0,14.142135623730951,89,113,107.5,103.33333333333333,10.211105065891088,45
2016-10-25 15:00:00,2,0,"[15:00:00,15:20:00)",77,25,15,0,1,0,0,93.0,98.0,58.714285714285715,32.99855696700632,81.0,17.349351572897472,66,100,77,74,77,75.5,75.5,2.1213203435596424,66,100,77.5,78.83333333333333,12.089940722214756,45
2016-10-25 15:00:00,3,0,"[15:00:00,15:20:00)",125,25,15,0,1,0,0,139.0,131.0,127.85714285714286,16.375068156891967,124.0,1.0,123,125,124,116,125,120.5,120.5,6.363961030678928,118,141,124.5,126.16666666666667,7.782458908768272,45
2016-10-25 15:00:00,3,1,"[15:00:00,15:20:00)",79,25,15,0,1,0,0,84.0,89.0,102.71428571428572,32.993505854507625,87.0,12.165525060596439,79,101,81,79,81,80.0,80.0,1.4142135623730951,79,104,97.0,93.16666666666667,10.571975532825766,45
2016-10-25 15:20:00,1,0,"[15:20:00,15:40:00)",44,25,15,20,1,0,0,52.0,44.0,62.28571428571429,35.42463495796057,47.333333333333336,4.163331998932266,44,52,46,38,44,41.0,41.0,4.242640687119285,40,52,48.0,47.0,4.516635916254486,46
2016-10-25 15:20:00,1,1,"[15:20:00,15:40:00)",111,25,15,20,1,0,0,92.0,133.0,103.85714285714286,17.948338562186112,97.33333333333333,11.930353445448853,89,111,92,102,111,106.5,106.5,6.363961030678928,89,113,107.5,103.33333333333333,10.211105065891088,46
2016-10-25 15:20:00,2,0,"[15:20:00,15:40:00)",66,25,15,20,1,0,0,77.0,93.0,56.28571428571429,27.79516915889214,81.0,17.349351572897472,66,100,77,66,78,72.0,72.0,8.48528137423857,66,100,77.5,78.83333333333333,12.089940722214756,46
2016-10-25 15:20:00,3,0,"[15:20:00,15:40:00)",123,25,15,20,1,0,0,125.0,139.0,119.71428571428572,22.603202470109448,124.0,1.0,123,125,124,87,123,105.0,105.0,25.45584412271571,118,141,124.5,126.16666666666667,7.782458908768272,46
2016-10-25 15:20:00,3,1,"[15:20:00,15:40:00)",101,25,15,20,1,0,0,79.0,84.0,97.57142857142857,19.415261547359613,87.0,12.165525060596439,79,101,81,91,101,96.0,96.0,7.0710678118654755,79,104,97.0,93.16666666666667,10.571975532825766,46
2016-10-25 15:40:00,1,0,"[15:40:00,16:00:00)",46,25,15,40,1,0,0,44.0,52.0,69.14285714285714,39.608200209167855,47.333333333333336,4.163331998932266,44,52,46,35,46,40.5,40.5,7.7781745930520225,40,52,48.0,47.0,4.516635916254486,47
2016-10-25 15:40:00,1,1,"[15:40:00,16:00:00)",89,25,15,40,1,0,0,111.0,92.0,102.42857142857143,13.364843718467029,97.33333333333333,11.930353445448853,89,111,92,89,116,102.5,102.5,19.091883092036785,89,113,107.5,103.33333333333333,10.211105065891088,47
2016-10-25 15:40:00,2,0,"[15:40:00,16:00:00)",100,25,15,40,1,0,0,66.0,77.0,68.57142857142857,35.40177558097496,81.0,17.349351572897472,66,100,77,53,100,76.5,76.5,33.23401871576773,66,100,77.5,78.83333333333333,12.089940722214756,47
2016-10-25 15:40:00,3,0,"[15:40:00,16:00:00)",124,25,15,40,1,0,0,123.0,125.0,122.85714285714286,27.03348893149983,124.0,1.0,123,125,124,106,124,115.0,115.0,12.727922061357855,118,141,124.5,126.16666666666667,7.782458908768272,47
2016-10-25 15:40:00,3,1,"[15:40:00,16:00:00)",81,25,15,40,1,0,0,101.0,79.0,96.14285714285714,24.53180637070013,87.0,12.165525060596439,79,101,81,81,83,82.0,82.0,1.4142135623730951,79,104,97.0,93.16666666666667,10.571975532825766,47
2016-10-25 16:00:00,1,0,"[16:00:00,16:20:00)",50,25,16,0,1,0,0,46.0,44.0,68.14285714285714,26.87891721175149,46.666666666666664,5.773502691896258,40,50,50,50,57,53.5,53.5,4.949747468305833,40,52,48.0,47.0,4.516635916254486,48
2016-10-25 16:00:00,1,1,"[16:00:00,16:20:00)",113,25,16,0,1,0,0,89.0,111.0,108.0,13.152946437965904,109.33333333333333,3.2145502536643176,107,113,108,102,113,107.5,107.5,7.7781745930520225,89,113,107.5,103.33333333333333,10.211105065891088,48
2016-10-25 16:00:00,2,0,"[16:00:00,16:20:00)",78,25,16,0,1,0,0,100.0,66.0,56.714285714285715,29.227351834165464,76.66666666666667,7.094598884597589,69,83,78,62,78,70.0,70.0,11.313708498984761,66,100,77.5,78.83333333333333,12.089940722214756,48
2016-10-25 16:00:00,3,0,"[16:00:00,16:20:00)",126,25,16,0,1,0,0,124.0,123.0,129.71428571428572,12.257165057144954,128.33333333333334,11.676186592091332,118,141,126,109,126,117.5,117.5,12.020815280171307,118,141,124.5,126.16666666666667,7.782458908768272,48
2016-10-25 16:00:00,3,1,"[16:00:00,16:20:00)",96,25,16,0,1,0,0,81.0,101.0,94.85714285714286,12.62838827706016,99.33333333333333,4.163331998932265,96,104,98,84,96,90.0,90.0,8.48528137423857,79,104,97.0,93.16666666666667,10.571975532825766,48
2016-10-25 16:20:00,1,0,"[16:20:00,16:40:00)",40,25,16,20,1,0,0,50.0,46.0,65.71428571428571,27.699063075095072,46.666666666666664,5.773502691896258,40,50,50,40,45,42.5,42.5,3.5355339059327378,40,52,48.0,47.0,4.516635916254486,49
2016-10-25 16:20:00,1,1,"[16:20:00,16:40:00)",107,25,16,20,1,0,0,113.0,89.0,103.57142857142857,8.303757038376117,109.33333333333333,3.2145502536643176,107,113,108,84,107,95.5,95.5,16.263455967290593,89,113,107.5,103.33333333333333,10.211105065891088,49
2016-10-25 16:20:00,2,0,"[16:20:00,16:40:00)",83,25,16,20,1,0,0,78.0,100.0,63.85714285714285,31.189894578365024,76.66666666666667,7.094598884597589,69,83,78,63,83,73.0,73.0,14.142135623730951,66,100,77.5,78.83333333333333,12.089940722214756,49
2016-10-25 16:20:00,3,0,"[16:20:00,16:40:00)",141,25,16,20,1,0,0,126.0,124.0,133.0,15.362291495737214,128.33333333333334,11.676186592091332,118,141,126,117,141,129.0,129.0,16.97056274847714,118,141,124.5,126.16666666666667,7.782458908768272,49
2016-10-25 16:20:00,3,1,"[16:20:00,16:40:00)",104,25,16,20,1,0,0,96.0,81.0,104.85714285714286,16.25247233939677,99.33333333333333,4.163331998932265,96,104,98,92,104,98.0,98.0,8.48528137423857,79,104,97.0,93.16666666666667,10.571975532825766,49
2016-10-25 16:40:00,1,0,"[16:40:00,17:00:00)",50,25,16,40,1,0,0,40.0,50.0,63.57142857142857,25.37621683688057,46.666666666666664,5.773502691896258,40,50,50,50,53,51.5,51.5,2.1213203435596424,40,52,48.0,47.0,4.516635916254486,50
2016-10-25 16:40:00,1,1,"[16:40:00,17:00:00)",108,25,16,40,1,0,0,107.0,113.0,110.85714285714286,7.8830740921836515,109.33333333333333,3.2145502536643176,107,113,108,108,113,110.5,110.5,3.5355339059327378,89,113,107.5,103.33333333333333,10.211105065891088,50
2016-10-25 16:40:00,2,0,"[16:40:00,17:00:00)",69,25,16,40,1,0,0,83.0,78.0,67.28571428571429,35.817659916649525,76.66666666666667,7.094598884597589,69,83,78,69,83,76.0,76.0,9.899494936611665,66,100,77.5,78.83333333333333,12.089940722214756,50
2016-10-25 16:40:00,3,0,"[16:40:00,17:00:00)",118,25,16,40,1,0,0,141.0,126.0,118.57142857142857,15.946338585572374,128.33333333333334,11.676186592091332,118,141,126,118,118,118.0,118.0,0.0,118,141,124.5,126.16666666666667,7.782458908768272,50
2016-10-25 16:40:00,3,1,"[16:40:00,17:00:00)",98,25,16,40,1,0,0,104.0,96.0,97.57142857142857,19.552128126772143,99.33333333333333,4.163331998932265,96,104,98,83,98,90.5,90.5,10.606601717798213,79,104,97.0,93.16666666666667,10.571975532825766,50
2016-10-26 06:00:00,1,0,"[06:00:00,06:20:00)",12,26,6,0,2,0,1,50.0,40.0,14.285714285714285,6.447590912226719,15.333333333333334,8.504900548115383,9,25,12,12,12,12.0,12.0,0.0,9,45,28.0,25.666666666666668,13.47095641247,18
2016-10-26 06:00:00,1,1,"[06:00:00,06:20:00)",37,26,6,0,2,0,1,108.0,107.0,36.57142857142857,2.992052966172382,48.333333333333336,10.263202878893768,37,57,51,37,48,42.5,42.5,7.7781745930520225,37,110,63.0,70.0,27.914154115788644,18
2016-10-26 06:00:00,2,0,"[06:00:00,06:20:00)",32,26,6,0,2,0,1,69.0,83.0,19.714285714285715,9.655987533033338,32.666666666666664,6.027713773341709,27,39,32,26,32,29.0,29.0,4.242640687119285,27,99,56.5,59.833333333333336,31.03170421789088,18
2016-10-26 06:00:00,3,0,"[06:00:00,06:20:00)",24,26,6,0,2,0,1,118.0,141.0,24.142857142857146,4.29839394148448,49.333333333333336,25.006665778014735,24,74,50,24,24,24.0,24.0,0.0,24,144,97.5,90.33333333333333,48.185751697640534,18
2016-10-26 06:00:00,3,1,"[06:00:00,06:20:00)",21,26,6,0,2,0,1,98.0,104.0,21.428571428571427,5.1269595556932455,32.666666666666664,10.408329997330664,21,41,36,21,21,21.0,21.0,0.0,21,86,45.5,52.666666666666664,26.058907626120224,18
2016-10-26 06:20:00,1,0,"[06:20:00,06:40:00)",9,26,6,20,2,0,1,12.0,50.0,22.428571428571423,14.808298831591502,15.333333333333334,8.504900548115383,9,25,12,9,16,12.5,12.5,4.949747468305833,9,45,28.0,25.666666666666668,13.47095641247,19
2016-10-26 06:20:00,1,1,"[06:20:00,06:40:00)",51,26,6,20,2,0,1,37.0,108.0,47.714285714285715,6.5246784266681335,48.333333333333336,10.263202878893768,37,57,51,28,51,39.5,39.5,16.263455967290593,37,110,63.0,70.0,27.914154115788644,19
2016-10-26 06:20:00,2,0,"[06:20:00,06:40:00)",27,26,6,20,2,0,1,32.0,69.0,24.0,13.686976778431873,32.666666666666664,6.027713773341709,27,39,32,27,45,36.0,36.0,12.727922061357855,27,99,56.5,59.833333333333336,31.03170421789088,19
2016-10-26 06:20:00,3,0,"[06:20:00,06:40:00)",50,26,6,20,2,0,1,24.0,118.0,45.42857142857143,6.876460883747853,49.333333333333336,25.006665778014735,24,74,50,50,57,53.5,53.5,4.949747468305833,24,144,97.5,90.33333333333333,48.185751697640534,19
2016-10-26 06:20:00,3,1,"[06:20:00,06:40:00)",36,26,6,20,2,0,1,21.0,98.0,28.857142857142854,5.698788509515902,32.666666666666664,10.408329997330664,21,41,36,26,36,31.0,31.0,7.0710678118654755,21,86,45.5,52.666666666666664,26.058907626120224,19
2016-10-26 06:40:00,1,0,"[06:40:00,07:00:00)",25,26,6,40,2,0,1,9.0,12.0,28.714285714285715,14.941154414505437,15.333333333333334,8.504900548115383,9,25,12,17,25,21.0,21.0,5.656854249492381,9,45,28.0,25.666666666666668,13.47095641247,20
2016-10-26 06:40:00,1,1,"[06:40:00,07:00:00)",57,26,6,40,2,0,1,51.0,37.0,60.42857142857143,7.2078000077957896,48.333333333333336,10.263202878893768,37,57,51,57,57,57.0,57.0,0.0,37,110,63.0,70.0,27.914154115788644,20
2016-10-26 06:40:00,2,0,"[06:40:00,07:00:00)",39,26,6,40,2,0,1,27.0,32.0,34.57142857142857,17.77504939380988,32.666666666666664,6.027713773341709,27,39,32,39,47,43.0,43.0,5.656854249492381,27,99,56.5,59.833333333333336,31.03170421789088,20
2016-10-26 06:40:00,3,0,"[06:40:00,07:00:00)",74,26,6,40,2,0,1,50.0,24.0,70.71428571428571,12.802529511966062,49.333333333333336,25.006665778014735,24,74,50,74,75,74.5,74.5,0.7071067811865476,24,144,97.5,90.33333333333333,48.185751697640534,20
2016-10-26 06:40:00,3,1,"[06:40:00,07:00:00)",41,26,6,40,2,0,1,36.0,21.0,41.142857142857146,9.58172864411865,32.666666666666664,10.408329997330664,21,41,36,41,43,42.0,42.0,1.4142135623730951,21,86,45.5,52.666666666666664,26.058907626120224,20
2016-10-26 07:00:00,1,0,"[07:00:00,07:20:00)",31,26,7,0,2,0,1,25.0,9.0,39.285714285714285,26.20886800120833,36.0,7.810249675906654,31,45,32,22,31,26.5,26.5,6.363961030678928,9,45,28.0,25.666666666666668,13.47095641247,21
2016-10-26 07:00:00,1,1,"[07:00:00,07:20:00)",69,26,7,0,2,0,1,57.0,51.0,70.42857142857143,11.956269524913738,91.66666666666667,20.840665376454112,69,110,96,67,69,68.0,68.0,1.4142135623730951,37,110,63.0,70.0,27.914154115788644,21
2016-10-26 07:00:00,2,0,"[07:00:00,07:20:00)",74,26,7,0,2,0,1,39.0,27.0,52.85714285714285,27.7634566257432,87.0,12.529964086141668,74,99,88,74,87,80.5,80.5,9.192388155425117,27,99,56.5,59.833333333333336,31.03170421789088,21
2016-10-26 07:00:00,3,0,"[07:00:00,07:20:00)",129,26,7,0,2,0,1,74.0,50.0,111.57142857142857,31.55343162984096,131.33333333333334,11.676186592091327,121,144,129,119,129,124.0,124.0,7.0710678118654755,24,144,97.5,90.33333333333333,48.185751697640534,21
2016-10-26 07:00:00,3,1,"[07:00:00,07:20:00)",50,26,7,0,2,0,1,41.0,36.0,56.85714285714285,6.618876325292972,72.66666666666667,19.73153144926499,50,86,82,50,53,51.5,51.5,2.1213203435596424,21,86,45.5,52.666666666666664,26.058907626120224,21
2016-10-26 07:20:00,1,0,"[07:20:00,07:40:00)",32,26,7,20,2,0,1,31.0,25.0,45.42857142857143,23.308490176022005,36.0,7.810249675906654,31,45,32,32,38,35.0,35.0,4.242640687119285,9,45,28.0,25.666666666666668,13.47095641247,22
2016-10-26 07:20:00,1,1,"[07:20:00,07:40:00)",96,26,7,20,2,0,1,69.0,57.0,90.85714285714286,11.922367933546472,91.66666666666667,20.840665376454112,69,110,96,96,98,97.0,97.0,1.4142135623730951,37,110,63.0,70.0,27.914154115788644,22
2016-10-26 07:20:00,2,0,"[07:20:00,07:40:00)",88,26,7,20,2,0,1,74.0,39.0,67.42857142857143,33.11020559111215,87.0,12.529964086141668,74,99,88,88,95,91.5,91.5,4.949747468305833,27,99,56.5,59.833333333333336,31.03170421789088,22
2016-10-26 07:20:00,3,0,"[07:20:00,07:40:00)",121,26,7,20,2,0,1,129.0,74.0,112.85714285714286,30.899992294651533,131.33333333333334,11.676186592091327,121,144,129,121,137,129.0,129.0,11.313708498984761,24,144,97.5,90.33333333333333,48.185751697640534,22
2016-10-26 07:20:00,3,1,"[07:20:00,07:40:00)",82,26,7,20,2,0,1,50.0,41.0,75.57142857142857,14.931590034299125,72.66666666666667,19.73153144926499,50,86,82,63,82,72.5,72.5,13.435028842544403,21,86,45.5,52.666666666666664,26.058907626120224,22
2016-10-26 07:40:00,1,0,"[07:40:00,08:00:00)",45,26,7,40,2,0,1,32.0,31.0,54.42857142857143,27.054618477302185,36.0,7.810249675906654,31,45,32,41,45,43.0,43.0,2.8284271247461903,9,45,28.0,25.666666666666668,13.47095641247,23
2016-10-26 07:40:00,1,1,"[07:40:00,08:00:00)",110,26,7,40,2,0,1,96.0,69.0,104.14285714285714,21.698145630664477,91.66666666666667,20.840665376454112,69,110,96,103,110,106.5,106.5,4.949747468305833,37,110,63.0,70.0,27.914154115788644,23
2016-10-26 07:40:00,2,0,"[07:40:00,08:00:00)",99,26,7,40,2,0,1,88.0,74.0,76.85714285714286,33.78080604637576,87.0,12.529964086141668,74,99,88,99,99,99.0,99.0,0.0,27,99,56.5,59.833333333333336,31.03170421789088,23
2016-10-26 07:40:00,3,0,"[07:40:00,08:00:00)",144,26,7,40,2,0,1,121.0,129.0,129.71428571428572,29.26154635760207,131.33333333333334,11.676186592091327,121,144,129,144,152,148.0,148.0,5.656854249492381,24,144,97.5,90.33333333333333,48.185751697640534,23
2016-10-26 07:40:00,3,1,"[07:40:00,08:00:00)",86,26,7,40,2,0,1,82.0,50.0,81.0,16.103829772241554,72.66666666666667,19.73153144926499,50,86,82,86,104,95.0,95.0,12.727922061357855,21,86,45.5,52.666666666666664,26.058907626120224,23
2016-10-26 15:00:00,1,0,"[15:00:00,15:20:00)",38,26,15,0,2,0,0,45.0,32.0,66.85714285714286,30.612789110808848,39.333333333333336,4.163331998932264,36,44,38,38,40,39.0,39.0,1.4142135623730951,36,49,44.5,43.0,4.979959839195493,45
2016-10-26 15:00:00,1,1,"[15:00:00,15:20:00)",96,26,15,0,2,0,0,110.0,96.0,97.71428571428572,8.22018421760903,98.66666666666667,2.516611478423582,96,101,99,83,96,89.5,89.5,9.192388155425117,96,113,105.0,104.66666666666667,6.8896056974740345,45
2016-10-26 15:00:00,2,0,"[15:00:00,15:20:00)",72,26,15,0,2,0,0,99.0,88.0,58.714285714285715,32.99855696700632,68.33333333333333,8.144527815247079,59,74,72,70,72,71.0,71.0,1.4142135623730951,59,90,73.0,73.83333333333333,10.55304063607578,45
2016-10-26 15:00:00,3,0,"[15:00:00,15:20:00)",120,26,15,0,2,0,0,144.0,121.0,127.85714285714286,16.375068156891967,113.66666666666667,6.506407098647712,107,120,114,107,120,113.5,113.5,9.192388155425117,107,132,123.5,121.83333333333333,9.988326519826366,45
2016-10-26 15:00:00,3,1,"[15:00:00,15:20:00)",81,26,15,0,2,0,0,86.0,82.0,102.71428571428572,32.993505854507625,80.0,1.0,79,81,80,81,99,90.0,90.0,12.727922061357855,79,122,82.0,89.66666666666667,16.633299933166196,45
2016-10-26 15:20:00,1,0,"[15:20:00,15:40:00)",36,26,15,20,2,0,0,38.0,45.0,62.28571428571429,35.42463495796057,39.333333333333336,4.163331998932264,36,44,38,34,36,35.0,35.0,1.4142135623730951,36,49,44.5,43.0,4.979959839195493,46
2016-10-26 15:20:00,1,1,"[15:20:00,15:40:00)",99,26,15,20,2,0,0,96.0,110.0,103.85714285714286,17.948338562186112,98.66666666666667,2.516611478423582,96,101,99,99,99,99.0,99.0,0.0,96,113,105.0,104.66666666666667,6.8896056974740345,46
2016-10-26 15:20:00,2,0,"[15:20:00,15:40:00)",59,26,15,20,2,0,0,72.0,99.0,56.28571428571429,27.79516915889214,68.33333333333333,8.144527815247079,59,74,72,59,69,64.0,64.0,7.0710678118654755,59,90,73.0,73.83333333333333,10.55304063607578,46
2016-10-26 15:20:00,3,0,"[15:20:00,15:40:00)",107,26,15,20,2,0,0,120.0,144.0,119.71428571428572,22.603202470109448,113.66666666666667,6.506407098647712,107,120,114,96,107,101.5,101.5,7.7781745930520225,107,132,123.5,121.83333333333333,9.988326519826366,46
2016-10-26 15:20:00,3,1,"[15:20:00,15:40:00)",80,26,15,20,2,0,0,81.0,86.0,97.57142857142857,19.415261547359613,80.0,1.0,79,81,80,80,108,94.0,94.0,19.79898987322333,79,122,82.0,89.66666666666667,16.633299933166196,46
2016-10-26 15:40:00,1,0,"[15:40:00,16:00:00)",44,26,15,40,2,0,0,36.0,38.0,69.14285714285714,39.608200209167855,39.333333333333336,4.163331998932264,36,44,38,44,50,47.0,47.0,4.242640687119285,36,49,44.5,43.0,4.979959839195493,47
2016-10-26 15:40:00,1,1,"[15:40:00,16:00:00)",101,26,15,40,2,0,0,99.0,96.0,102.42857142857143,13.364843718467029,98.66666666666667,2.516611478423582,96,101,99,92,101,96.5,96.5,6.363961030678928,96,113,105.0,104.66666666666667,6.8896056974740345,47
2016-10-26 15:40:00,2,0,"[15:40:00,16:00:00)",74,26,15,40,2,0,0,59.0,72.0,68.57142857142857,35.40177558097496,68.33333333333333,8.144527815247079,59,74,72,58,74,66.0,66.0,11.313708498984761,59,90,73.0,73.83333333333333,10.55304063607578,47
2016-10-26 15:40:00,3,0,"[15:40:00,16:00:00)",114,26,15,40,2,0,0,107.0,120.0,122.85714285714286,27.03348893149983,113.66666666666667,6.506407098647712,107,120,114,95,114,104.5,104.5,13.435028842544403,107,132,123.5,121.83333333333333,9.988326519826366,47
2016-10-26 15:40:00,3,1,"[15:40:00,16:00:00)",79,26,15,40,2,0,0,80.0,81.0,96.14285714285714,24.53180637070013,80.0,1.0,79,81,80,79,79,79.0,79.0,0.0,79,122,82.0,89.66666666666667,16.633299933166196,47
2016-10-26 16:00:00,1,0,"[16:00:00,16:20:00)",49,26,16,0,2,0,0,44.0,36.0,68.14285714285714,26.87891721175149,46.666666666666664,2.0816659994661326,45,49,46,39,49,44.0,44.0,7.0710678118654755,36,49,44.5,43.0,4.979959839195493,48
2016-10-26 16:00:00,1,1,"[16:00:00,16:20:00)",110,26,16,0,2,0,0,101.0,99.0,108.0,13.152946437965904,110.66666666666667,2.081665999466134,109,113,110,82,110,96.0,96.0,19.79898987322333,96,113,105.0,104.66666666666667,6.8896056974740345,48
2016-10-26 16:00:00,2,0,"[16:00:00,16:20:00)",68,26,16,0,2,0,0,74.0,59.0,56.714285714285715,29.227351834165464,79.33333333333333,11.015141094572206,68,90,80,55,68,61.5,61.5,9.192388155425117,59,90,73.0,73.83333333333333,10.55304063607578,48
2016-10-26 16:00:00,3,0,"[16:00:00,16:20:00)",131,26,16,0,2,0,0,114.0,107.0,129.71428571428572,12.257165057144954,130.0,2.6457513110645907,127,132,131,109,131,120.0,120.0,15.556349186104045,107,132,123.5,121.83333333333333,9.988326519826366,48
2016-10-26 16:00:00,3,1,"[16:00:00,16:20:00)",83,26,16,0,2,0,0,79.0,80.0,94.85714285714286,12.62838827706016,99.33333333333333,20.256686138984666,83,122,93,82,83,82.5,82.5,0.7071067811865476,79,122,82.0,89.66666666666667,16.633299933166196,48
2016-10-26 16:20:00,1,0,"[16:20:00,16:40:00)",45,26,16,20,2,0,0,49.0,44.0,65.71428571428571,27.699063075095072,46.666666666666664,2.0816659994661326,45,49,46,40,45,42.5,42.5,3.5355339059327378,36,49,44.5,43.0,4.979959839195493,49
2016-10-26 16:20:00,1,1,"[16:20:00,16:40:00)",113,26,16,20,2,0,0,110.0,101.0,103.57142857142857,8.303757038376117,110.66666666666667,2.081665999466134,109,113,110,80,113,96.5,96.5,23.33452377915607,96,113,105.0,104.66666666666667,6.8896056974740345,49
2016-10-26 16:20:00,2,0,"[16:20:00,16:40:00)",80,26,16,20,2,0,0,68.0,74.0,63.85714285714285,31.189894578365024,79.33333333333333,11.015141094572206,68,90,80,61,80,70.5,70.5,13.435028842544403,59,90,73.0,73.83333333333333,10.55304063607578,49
2016-10-26 16:20:00,3,0,"[16:20:00,16:40:00)",132,26,16,20,2,0,0,131.0,114.0,133.0,15.362291495737214,130.0,2.6457513110645907,127,132,131,105,132,118.5,118.5,19.091883092036785,107,132,123.5,121.83333333333333,9.988326519826366,49
2016-10-26 16:20:00,3,1,"[16:20:00,16:40:00)",93,26,16,20,2,0,0,83.0,79.0,104.85714285714286,16.25247233939677,99.33333333333333,20.256686138984666,83,122,93,89,93,91.0,91.0,2.8284271247461903,79,122,82.0,89.66666666666667,16.633299933166196,49
2016-10-26 16:40:00,1,0,"[16:40:00,17:00:00)",46,26,16,40,2,0,0,45.0,49.0,63.57142857142857,25.37621683688057,46.666666666666664,2.0816659994661326,45,49,46,36,46,41.0,41.0,7.0710678118654755,36,49,44.5,43.0,4.979959839195493,50
2016-10-26 16:40:00,1,1,"[16:40:00,17:00:00)",109,26,16,40,2,0,0,113.0,110.0,110.85714285714286,7.8830740921836515,110.66666666666667,2.081665999466134,109,113,110,85,109,97.0,97.0,16.97056274847714,96,113,105.0,104.66666666666667,6.8896056974740345,50
2016-10-26 16:40:00,2,0,"[16:40:00,17:00:00)",90,26,16,40,2,0,0,80.0,68.0,67.28571428571429,35.817659916649525,79.33333333333333,11.015141094572206,68,90,80,64,90,77.0,77.0,18.384776310850235,59,90,73.0,73.83333333333333,10.55304063607578,50
2016-10-26 16:40:00,3,0,"[16:40:00,17:00:00)",127,26,16,40,2,0,0,132.0,131.0,118.57142857142857,15.946338585572374,130.0,2.6457513110645907,127,132,131,95,127,111.0,111.0,22.627416997969522,107,132,123.5,121.83333333333333,9.988326519826366,50
2016-10-26 16:40:00,3,1,"[16:40:00,17:00:00)",122,26,16,40,2,0,0,93.0,83.0,97.57142857142857,19.552128126772143,99.33333333333333,20.256686138984666,83,122,93,75,122,98.5,98.5,33.23401871576773,79,122,82.0,89.66666666666667,16.633299933166196,50
2016-10-27 06:00:00,1,0,"[06:00:00,06:20:00)",14,27,6,0,3,0,1,46.0,45.0,14.285714285714285,6.447590912226719,17.0,5.196152422706632,14,23,14,8,14,11.0,11.0,4.242640687119285,14,42,21.5,24.833333333333332,11.669047376142865,18
2016-10-27 06:00:00,1,1,"[06:00:00,06:20:00)",37,27,6,0,3,0,1,109.0,113.0,36.57142857142857,2.992052966172382,44.666666666666664,7.0945988845975885,37,51,46,37,46,41.5,41.5,6.363961030678928,37,104,56.5,65.66666666666667,27.237229423468655,18
2016-10-27 06:00:00,2,0,"[06:00:00,06:20:00)",20,27,6,0,3,0,1,90.0,80.0,19.714285714285715,9.655987533033338,35.333333333333336,15.01110699893027,20,50,36,20,21,20.5,20.5,0.7071067811865476,20,114,60.0,61.833333333333336,33.80187371532334,18
2016-10-27 06:00:00,3,0,"[06:00:00,06:20:00)",24,27,6,0,3,0,1,127.0,132.0,24.142857142857146,4.29839394148448,42.333333333333336,19.60442127004348,24,63,40,24,37,30.5,30.5,9.192388155425117,24,134,87.5,82.16666666666667,45.906063506542,18
2016-10-27 06:00:00,3,1,"[06:00:00,06:20:00)",24,27,6,0,3,0,1,122.0,93.0,21.428571428571427,5.1269595556932455,32.666666666666664,14.153915830374764,24,49,25,16,24,20.0,20.0,5.656854249492381,24,90,50.5,54.333333333333336,28.59836825181931,18
2016-10-27 06:20:00,1,0,"[06:20:00,06:40:00)",14,27,6,20,3,0,1,14.0,46.0,22.428571428571423,14.808298831591502,17.0,5.196152422706632,14,23,14,14,16,15.0,15.0,1.4142135623730951,14,42,21.5,24.833333333333332,11.669047376142865,19
2016-10-27 06:20:00,1,1,"[06:20:00,06:40:00)",46,27,6,20,3,0,1,37.0,109.0,47.714285714285715,6.5246784266681335,44.666666666666664,7.0945988845975885,37,51,46,27,46,36.5,36.5,13.435028842544403,37,104,56.5,65.66666666666667,27.237229423468655,19
2016-10-27 06:20:00,2,0,"[06:20:00,06:40:00)",36,27,6,20,3,0,1,20.0,90.0,24.0,13.686976778431873,35.333333333333336,15.01110699893027,20,50,36,23,36,29.5,29.5,9.192388155425117,20,114,60.0,61.833333333333336,33.80187371532334,19
2016-10-27 06:20:00,3,0,"[06:20:00,06:40:00)",40,27,6,20,3,0,1,24.0,127.0,45.42857142857143,6.876460883747853,42.333333333333336,19.60442127004348,24,63,40,40,44,42.0,42.0,2.8284271247461903,24,134,87.5,82.16666666666667,45.906063506542,19
2016-10-27 06:20:00,3,1,"[06:20:00,06:40:00)",25,27,6,20,3,0,1,24.0,122.0,28.857142857142854,5.698788509515902,32.666666666666664,14.153915830374764,24,49,25,25,49,37.0,37.0,16.97056274847714,24,90,50.5,54.333333333333336,28.59836825181931,19
2016-10-27 06:40:00,1,0,"[06:40:00,07:00:00)",23,27,6,40,3,0,1,14.0,14.0,28.714285714285715,14.941154414505437,17.0,5.196152422706632,14,23,14,23,23,23.0,23.0,0.0,14,42,21.5,24.833333333333332,11.669047376142865,20
2016-10-27 06:40:00,1,1,"[06:40:00,07:00:00)",51,27,6,40,3,0,1,46.0,37.0,60.42857142857143,7.2078000077957896,44.666666666666664,7.0945988845975885,37,51,46,51,55,53.0,53.0,2.8284271247461903,37,104,56.5,65.66666666666667,27.237229423468655,20
2016-10-27 06:40:00,2,0,"[06:40:00,07:00:00)",50,27,6,40,3,0,1,36.0,20.0,34.57142857142857,17.77504939380988,35.333333333333336,15.01110699893027,20,50,36,42,50,46.0,46.0,5.656854249492381,20,114,60.0,61.833333333333336,33.80187371532334,20
2016-10-27 06:40:00,3,0,"[06:40:00,07:00:00)",63,27,6,40,3,0,1,40.0,24.0,70.71428571428571,12.802529511966062,42.333333333333336,19.60442127004348,24,63,40,63,73,68.0,68.0,7.0710678118654755,24,134,87.5,82.16666666666667,45.906063506542,20
2016-10-27 06:40:00,3,1,"[06:40:00,07:00:00)",49,27,6,40,3,0,1,25.0,24.0,41.142857142857146,9.58172864411865,32.666666666666664,14.153915830374764,24,49,25,37,49,43.0,43.0,8.48528137423857,24,90,50.5,54.333333333333336,28.59836825181931,20
2016-10-27 07:00:00,1,0,"[07:00:00,07:20:00)",20,27,7,0,3,0,1,23.0,14.0,39.285714285714285,26.20886800120833,32.666666666666664,11.372481406154654,20,42,36,20,22,21.0,21.0,1.4142135623730951,14,42,21.5,24.833333333333332,11.669047376142865,21
2016-10-27 07:00:00,1,1,"[07:00:00,07:20:00)",62,27,7,0,3,0,1,51.0,46.0,70.42857142857143,11.956269524913738,86.66666666666667,21.939310229205777,62,104,94,62,71,66.5,66.5,6.363961030678928,37,104,56.5,65.66666666666667,27.237229423468655,21
2016-10-27 07:00:00,2,0,"[07:00:00,07:20:00)",70,27,7,0,3,0,1,50.0,36.0,52.85714285714285,27.7634566257432,88.33333333333333,22.898325994127465,70,114,81,70,76,73.0,73.0,4.242640687119285,20,114,60.0,61.833333333333336,33.80187371532334,21
2016-10-27 07:00:00,3,0,"[07:00:00,07:20:00)",120,27,7,0,3,0,1,63.0,40.0,111.57142857142857,31.55343162984096,122.0,11.135528725660043,112,134,120,114,120,117.0,117.0,4.242640687119285,24,134,87.5,82.16666666666667,45.906063506542,21
2016-10-27 07:00:00,3,1,"[07:00:00,07:20:00)",52,27,7,0,3,0,1,49.0,25.0,56.85714285714285,6.618876325292972,76.0,20.8806130178211,52,90,86,47,52,49.5,49.5,3.5355339059327378,24,90,50.5,54.333333333333336,28.59836825181931,21
2016-10-27 07:20:00,1,0,"[07:20:00,07:40:00)",36,27,7,20,3,0,1,20.0,23.0,45.42857142857143,23.308490176022005,32.666666666666664,11.372481406154654,20,42,36,33,36,34.5,34.5,2.1213203435596424,14,42,21.5,24.833333333333332,11.669047376142865,22
2016-10-27 07:20:00,1,1,"[07:20:00,07:40:00)",94,27,7,20,3,0,1,62.0,51.0,90.85714285714286,11.922367933546472,86.66666666666667,21.939310229205777,62,104,94,88,94,91.0,91.0,4.242640687119285,37,104,56.5,65.66666666666667,27.237229423468655,22
2016-10-27 07:20:00,2,0,"[07:20:00,07:40:00)",81,27,7,20,3,0,1,70.0,50.0,67.42857142857143,33.11020559111215,88.33333333333333,22.898325994127465,70,114,81,81,89,85.0,85.0,5.656854249492381,20,114,60.0,61.833333333333336,33.80187371532334,22
2016-10-27 07:20:00,3,0,"[07:20:00,07:40:00)",112,27,7,20,3,0,1,120.0,63.0,112.85714285714286,30.899992294651533,122.0,11.135528725660043,112,134,120,112,123,117.5,117.5,7.7781745930520225,24,134,87.5,82.16666666666667,45.906063506542,22
2016-10-27 07:20:00,3,1,"[07:20:00,07:40:00)",90,27,7,20,3,0,1,52.0,49.0,75.57142857142857,14.931590034299125,76.0,20.8806130178211,52,90,86,60,90,75.0,75.0,21.213203435596427,24,90,50.5,54.333333333333336,28.59836825181931,22
2016-10-27 07:40:00,1,0,"[07:40:00,08:00:00)",42,27,7,40,3,0,1,36.0,20.0,54.42857142857143,27.054618477302185,32.666666666666664,11.372481406154654,20,42,36,37,42,39.5,39.5,3.5355339059327378,14,42,21.5,24.833333333333332,11.669047376142865,23
2016-10-27 07:40:00,1,1,"[07:40:00,08:00:00)",104,27,7,40,3,0,1,94.0,62.0,104.14285714285714,21.698145630664477,86.66666666666667,21.939310229205777,62,104,94,104,111,107.5,107.5,4.949747468305833,37,104,56.5,65.66666666666667,27.237229423468655,23
2016-10-27 07:40:00,2,0,"[07:40:00,08:00:00)",114,27,7,40,3,0,1,81.0,70.0,76.85714285714286,33.78080604637576,88.33333333333333,22.898325994127465,70,114,81,112,114,113.0,113.0,1.4142135623730951,20,114,60.0,61.833333333333336,33.80187371532334,23
2016-10-27 07:40:00,3,0,"[07:40:00,08:00:00)",134,27,7,40,3,0,1,112.0,120.0,129.71428571428572,29.26154635760207,122.0,11.135528725660043,112,134,120,120,134,127.0,127.0,9.899494936611665,24,134,87.5,82.16666666666667,45.906063506542,23
2016-10-27 07:40:00,3,1,"[07:40:00,08:00:00)",86,27,7,40,3,0,1,90.0,52.0,81.0,16.103829772241554,76.0,20.8806130178211,52,90,86,86,104,95.0,95.0,12.727922061357855,24,90,50.5,54.333333333333336,28.59836825181931,23
2016-10-27 15:00:00,1,0,"[15:00:00,15:20:00)",40,27,15,0,3,0,0,42.0,36.0,66.85714285714286,30.612789110808848,40.666666666666664,4.0414518843273814,37,45,40,40,40,40.0,40.0,0.0,37,49,43.0,42.833333333333336,4.308905506815702,45
2016-10-27 15:00:00,1,1,"[15:00:00,15:20:00)",87,27,15,0,3,0,0,104.0,94.0,97.71428571428572,8.22018421760903,96.33333333333333,8.082903768654761,87,101,101,87,97,92.0,92.0,7.0710678118654755,87,109,98.5,97.83333333333333,7.600438583836244,45
2016-10-27 15:00:00,2,0,"[15:00:00,15:20:00)",58,27,15,0,3,0,0,114.0,81.0,58.714285714285715,32.99855696700632,63.666666666666664,13.428824718989127,54,79,58,58,72,65.0,65.0,9.899494936611665,54,83,65.5,67.33333333333333,12.532624093407838,45
2016-10-27 15:00:00,3,0,"[15:00:00,15:20:00)",110,27,15,0,3,0,0,134.0,112.0,127.85714285714286,16.375068156891967,102.66666666666667,8.736894948054104,93,110,105,92,110,101.0,101.0,12.727922061357855,93,126,111.5,112.0,12.489995996796795,45
2016-10-27 15:00:00,3,1,"[15:00:00,15:20:00)",100,27,15,0,3,0,0,86.0,90.0,102.71428571428572,32.993505854507625,89.66666666666667,10.016652800877814,80,100,89,100,100,100.0,100.0,0.0,80,117,103.5,100.16666666666667,13.585531519475664,45
2016-10-27 15:20:00,1,0,"[15:20:00,15:40:00)",37,27,15,20,3,0,0,40.0,42.0,62.28571428571429,35.42463495796057,40.666666666666664,4.0414518843273814,37,45,40,37,41,39.0,39.0,2.8284271247461903,37,49,43.0,42.833333333333336,4.308905506815702,46
2016-10-27 15:20:00,1,1,"[15:20:00,15:40:00)",101,27,15,20,3,0,0,87.0,104.0,103.85714285714286,17.948338562186112,96.33333333333333,8.082903768654761,87,101,101,101,115,108.0,108.0,9.899494936611665,87,109,98.5,97.83333333333333,7.600438583836244,46
2016-10-27 15:20:00,2,0,"[15:20:00,15:40:00)",54,27,15,20,3,0,0,58.0,114.0,56.28571428571429,27.79516915889214,63.666666666666664,13.428824718989127,54,79,58,54,79,66.5,66.5,17.67766952966369,54,83,65.5,67.33333333333333,12.532624093407838,46
2016-10-27 15:20:00,3,0,"[15:20:00,15:40:00)",93,27,15,20,3,0,0,110.0,134.0,119.71428571428572,22.603202470109448,102.66666666666667,8.736894948054104,93,110,105,93,107,100.0,100.0,9.899494936611665,93,126,111.5,112.0,12.489995996796795,46
2016-10-27 15:20:00,3,1,"[15:20:00,15:40:00)",89,27,15,20,3,0,0,100.0,86.0,97.57142857142857,19.415261547359613,89.66666666666667,10.016652800877814,80,100,89,89,105,97.0,97.0,11.313708498984761,80,117,103.5,100.16666666666667,13.585531519475664,46
2016-10-27 15:40:00,1,0,"[15:40:00,16:00:00)",45,27,15,40,3,0,0,37.0,40.0,69.14285714285714,39.608200209167855,40.666666666666664,4.0414518843273814,37,45,40,42,45,43.5,43.5,2.1213203435596424,37,49,43.0,42.833333333333336,4.308905506815702,47
2016-10-27 15:40:00,1,1,"[15:40:00,16:00:00)",101,27,15,40,3,0,0,101.0,87.0,102.42857142857143,13.364843718467029,96.33333333333333,8.082903768654761,87,101,101,101,120,110.5,110.5,13.435028842544403,87,109,98.5,97.83333333333333,7.600438583836244,47
2016-10-27 15:40:00,2,0,"[15:40:00,16:00:00)",79,27,15,40,3,0,0,54.0,58.0,68.57142857142857,35.40177558097496,63.666666666666664,13.428824718989127,54,79,58,70,79,74.5,74.5,6.363961030678928,54,83,65.5,67.33333333333333,12.532624093407838,47
2016-10-27 15:40:00,3,0,"[15:40:00,16:00:00)",105,27,15,40,3,0,0,93.0,110.0,122.85714285714286,27.03348893149983,102.66666666666667,8.736894948054104,93,110,105,105,108,106.5,106.5,2.1213203435596424,93,126,111.5,112.0,12.489995996796795,47
2016-10-27 15:40:00,3,1,"[15:40:00,16:00:00)",80,27,15,40,3,0,0,89.0,100.0,96.14285714285714,24.53180637070013,89.66666666666667,10.016652800877814,80,100,89,74,80,77.0,77.0,4.242640687119285,80,117,103.5,100.16666666666667,13.585531519475664,47
2016-10-27 16:00:00,1,0,"[16:00:00,16:20:00)",49,27,16,0,3,0,0,45.0,37.0,68.14285714285714,26.87891721175149,45.0,4.0,41,49,45,46,49,47.5,47.5,2.1213203435596424,37,49,43.0,42.833333333333336,4.308905506815702,48
2016-10-27 16:00:00,1,1,"[16:00:00,16:20:00)",96,27,16,0,3,0,0,101.0,101.0,108.0,13.152946437965904,99.33333333333333,8.504900548115385,93,109,96,90,96,93.0,93.0,4.242640687119285,87,109,98.5,97.83333333333333,7.600438583836244,48
2016-10-27 16:00:00,2,0,"[16:00:00,16:20:00)",57,27,16,0,3,0,0,79.0,54.0,56.714285714285715,29.227351834165464,71.0,13.114877048604,57,83,73,57,66,61.5,61.5,6.363961030678928,54,83,65.5,67.33333333333333,12.532624093407838,48
2016-10-27 16:00:00,3,0,"[16:00:00,16:20:00)",113,27,16,0,3,0,0,105.0,93.0,129.71428571428572,12.257165057144954,121.33333333333333,7.234178138070236,113,126,125,113,121,117.0,117.0,5.656854249492381,93,126,111.5,112.0,12.489995996796795,48
2016-10-27 16:00:00,3,1,"[16:00:00,16:20:00)",107,27,16,0,3,0,0,80.0,89.0,94.85714285714286,12.62838827706016,110.66666666666667,5.5075705472861,107,117,108,92,107,99.5,99.5,10.606601717798213,80,117,103.5,100.16666666666667,13.585531519475664,48
2016-10-27 16:20:00,1,0,"[16:20:00,16:40:00)",41,27,16,20,3,0,0,49.0,45.0,65.71428571428571,27.699063075095072,45.0,4.0,41,49,45,36,41,38.5,38.5,3.5355339059327378,37,49,43.0,42.833333333333336,4.308905506815702,49
2016-10-27 16:20:00,1,1,"[16:20:00,16:40:00)",93,27,16,20,3,0,0,96.0,101.0,103.57142857142857,8.303757038376117,99.33333333333333,8.504900548115385,93,109,96,73,93,83.0,83.0,14.142135623730951,87,109,98.5,97.83333333333333,7.600438583836244,49
2016-10-27 16:20:00,2,0,"[16:20:00,16:40:00)",73,27,16,20,3,0,0,57.0,79.0,63.85714285714285,31.189894578365024,71.0,13.114877048604,57,83,73,67,73,70.0,70.0,4.242640687119285,54,83,65.5,67.33333333333333,12.532624093407838,49
2016-10-27 16:20:00,3,0,"[16:20:00,16:40:00)",126,27,16,20,3,0,0,113.0,105.0,133.0,15.362291495737214,121.33333333333333,7.234178138070236,113,126,125,106,126,116.0,116.0,14.142135623730951,93,126,111.5,112.0,12.489995996796795,49
2016-10-27 16:20:00,3,1,"[16:20:00,16:40:00)",108,27,16,20,3,0,0,107.0,80.0,104.85714285714286,16.25247233939677,110.66666666666667,5.5075705472861,107,117,108,84,108,96.0,96.0,16.97056274847714,80,117,103.5,100.16666666666667,13.585531519475664,49
2016-10-27 16:40:00,1,0,"[16:40:00,17:00:00)",45,27,16,40,3,0,0,41.0,49.0,63.57142857142857,25.37621683688057,45.0,4.0,41,49,45,37,45,41.0,41.0,5.656854249492381,37,49,43.0,42.833333333333336,4.308905506815702,50
2016-10-27 16:40:00,1,1,"[16:40:00,17:00:00)",109,27,16,40,3,0,0,93.0,96.0,110.85714285714286,7.8830740921836515,99.33333333333333,8.504900548115385,93,109,96,109,119,114.0,114.0,7.0710678118654755,87,109,98.5,97.83333333333333,7.600438583836244,50
2016-10-27 16:40:00,2,0,"[16:40:00,17:00:00)",83,27,16,40,3,0,0,73.0,57.0,67.28571428571429,35.817659916649525,71.0,13.114877048604,57,83,73,75,83,79.0,79.0,5.656854249492381,54,83,65.5,67.33333333333333,12.532624093407838,50
2016-10-27 16:40:00,3,0,"[16:40:00,17:00:00)",125,27,16,40,3,0,0,126.0,113.0,118.57142857142857,15.946338585572374,121.33333333333333,7.234178138070236,113,126,125,125,147,136.0,136.0,15.556349186104045,93,126,111.5,112.0,12.489995996796795,50
2016-10-27 16:40:00,3,1,"[16:40:00,17:00:00)",117,27,16,40,3,0,0,108.0,107.0,97.57142857142857,19.552128126772143,110.66666666666667,5.5075705472861,107,117,108,88,117,102.5,102.5,20.506096654409877,80,117,103.5,100.16666666666667,13.585531519475664,50
2016-10-28 06:00:00,1,0,"[06:00:00,06:20:00)",8,28,6,0,4,0,1,45.0,41.0,14.285714285714285,6.447590912226719,14.333333333333334,6.506407098647712,8,21,14,8,8,8.0,8.0,0.0,8,46,24.5,25.666666666666668,14.264174237111192,18
2016-10-28 06:00:00,1,1,"[06:00:00,06:20:00)",35,28,6,0,4,0,1,109.0,93.0,36.57142857142857,2.992052966172382,52.333333333333336,15.534906930308058,35,65,57,33,35,34.0,34.0,1.4142135623730951,35,113,75.5,76.0,29.010342983149993,18
2016-10-28 06:00:00,2,0,"[06:00:00,06:20:00)",19,28,6,0,4,0,1,83.0,73.0,19.714285714285715,9.655987533033338,31.666666666666668,18.58314648635514,19,53,23,16,19,17.5,17.5,2.1213203435596424,19,99,59.5,59.5,34.708788512421464,18
2016-10-28 06:00:00,3,0,"[06:00:00,06:20:00)",25,28,6,0,4,0,1,125.0,126.0,24.142857142857146,4.29839394148448,49.0,22.64950330581225,25,70,52,22,25,23.5,23.5,2.1213203435596424,25,151,87.0,87.0,46.54460226492434,18
2016-10-28 06:00:00,3,1,"[06:00:00,06:20:00)",19,28,6,0,4,0,1,117.0,108.0,21.428571428571427,5.1269595556932455,29.666666666666668,18.475208614068027,19,51,19,19,21,20.0,20.0,1.4142135623730951,19,77,51.5,45.833333333333336,22.807162617622268,18
2016-10-28 06:20:00,1,0,"[06:20:00,06:40:00)",21,28,6,20,4,0,1,8.0,45.0,22.428571428571423,14.808298831591502,14.333333333333334,6.506407098647712,8,21,14,13,21,17.0,17.0,5.656854249492381,8,46,24.5,25.666666666666668,14.264174237111192,19
2016-10-28 06:20:00,1,1,"[06:20:00,06:40:00)",57,28,6,20,4,0,1,35.0,109.0,47.714285714285715,6.5246784266681335,52.333333333333336,15.534906930308058,35,65,57,39,57,48.0,48.0,12.727922061357855,35,113,75.5,76.0,29.010342983149993,19
2016-10-28 06:20:00,2,0,"[06:20:00,06:40:00)",23,28,6,20,4,0,1,19.0,83.0,24.0,13.686976778431873,31.666666666666668,18.58314648635514,19,53,23,23,24,23.5,23.5,0.7071067811865476,19,99,59.5,59.5,34.708788512421464,19
2016-10-28 06:20:00,3,0,"[06:20:00,06:40:00)",52,28,6,20,4,0,1,25.0,125.0,45.42857142857143,6.876460883747853,49.0,22.64950330581225,25,70,52,49,52,50.5,50.5,2.1213203435596424,25,151,87.0,87.0,46.54460226492434,19
2016-10-28 06:20:00,3,1,"[06:20:00,06:40:00)",19,28,6,20,4,0,1,19.0,117.0,28.857142857142854,5.698788509515902,29.666666666666668,18.475208614068027,19,51,19,19,28,23.5,23.5,6.363961030678928,19,77,51.5,45.833333333333336,22.807162617622268,19
2016-10-28 06:40:00,1,0,"[06:40:00,07:00:00)",14,28,6,40,4,0,1,21.0,8.0,28.714285714285715,14.941154414505437,14.333333333333334,6.506407098647712,8,21,14,14,21,17.5,17.5,4.949747468305833,8,46,24.5,25.666666666666668,14.264174237111192,20
2016-10-28 06:40:00,1,1,"[06:40:00,07:00:00)",65,28,6,40,4,0,1,57.0,35.0,60.42857142857143,7.2078000077957896,52.333333333333336,15.534906930308058,35,65,57,54,65,59.5,59.5,7.7781745930520225,35,113,75.5,76.0,29.010342983149993,20
2016-10-28 06:40:00,2,0,"[06:40:00,07:00:00)",53,28,6,40,4,0,1,23.0,19.0,34.57142857142857,17.77504939380988,31.666666666666668,18.58314648635514,19,53,23,39,53,46.0,46.0,9.899494936611665,19,99,59.5,59.5,34.708788512421464,20
2016-10-28 06:40:00,3,0,"[06:40:00,07:00:00)",70,28,6,40,4,0,1,52.0,25.0,70.71428571428571,12.802529511966062,49.0,22.64950330581225,25,70,52,66,70,68.0,68.0,2.8284271247461903,25,151,87.0,87.0,46.54460226492434,20
2016-10-28 06:40:00,3,1,"[06:40:00,07:00:00)",51,28,6,40,4,0,1,19.0,19.0,41.142857142857146,9.58172864411865,29.666666666666668,18.475208614068027,19,51,19,42,51,46.5,46.5,6.363961030678928,19,77,51.5,45.833333333333336,22.807162617622268,20
2016-10-28 07:00:00,1,0,"[07:00:00,07:20:00)",28,28,7,0,4,0,1,14.0,21.0,39.285714285714285,26.20886800120833,37.0,9.0,28,46,37,28,32,30.0,30.0,2.8284271247461903,8,46,24.5,25.666666666666668,14.264174237111192,21
2016-10-28 07:00:00,1,1,"[07:00:00,07:20:00)",86,28,7,0,4,0,1,65.0,57.0,70.42857142857143,11.956269524913738,99.66666666666667,13.503086067019394,86,113,100,65,86,75.5,75.5,14.849242404917497,35,113,75.5,76.0,29.010342983149993,21
2016-10-28 07:00:00,2,0,"[07:00:00,07:20:00)",66,28,7,0,4,0,1,53.0,23.0,52.85714285714285,27.7634566257432,87.33333333333333,18.502252115170556,66,99,97,66,66,66.0,66.0,0.0,19,99,59.5,59.5,34.708788512421464,21
2016-10-28 07:00:00,3,0,"[07:00:00,07:20:00)",120,28,7,0,4,0,1,70.0,52.0,111.57142857142857,31.55343162984096,125.0,23.895606290697042,104,151,120,116,120,118.0,118.0,2.8284271247461903,25,151,87.0,87.0,46.54460226492434,21
2016-10-28 07:00:00,3,1,"[07:00:00,07:20:00)",52,28,7,0,4,0,1,51.0,19.0,56.85714285714285,6.618876325292972,62.0,13.228756555322953,52,77,57,52,54,53.0,53.0,1.4142135623730951,19,77,51.5,45.833333333333336,22.807162617622268,21
2016-10-28 07:20:00,1,0,"[07:20:00,07:40:00)",37,28,7,20,4,0,1,28.0,14.0,45.42857142857143,23.308490176022005,37.0,9.0,28,46,37,37,41,39.0,39.0,2.8284271247461903,8,46,24.5,25.666666666666668,14.264174237111192,22
2016-10-28 07:20:00,1,1,"[07:20:00,07:40:00)",100,28,7,20,4,0,1,86.0,65.0,90.85714285714286,11.922367933546472,99.66666666666667,13.503086067019394,86,113,100,100,102,101.0,101.0,1.4142135623730951,35,113,75.5,76.0,29.010342983149993,22
2016-10-28 07:20:00,2,0,"[07:20:00,07:40:00)",99,28,7,20,4,0,1,66.0,53.0,67.42857142857143,33.11020559111215,87.33333333333333,18.502252115170556,66,99,97,77,99,88.0,88.0,15.556349186104045,19,99,59.5,59.5,34.708788512421464,22
2016-10-28 07:20:00,3,0,"[07:20:00,07:40:00)",104,28,7,20,4,0,1,120.0,70.0,112.85714285714286,30.899992294651533,125.0,23.895606290697042,104,151,120,104,135,119.5,119.5,21.920310216782973,25,151,87.0,87.0,46.54460226492434,22
2016-10-28 07:20:00,3,1,"[07:20:00,07:40:00)",57,28,7,20,4,0,1,52.0,51.0,75.57142857142857,14.931590034299125,62.0,13.228756555322953,52,77,57,57,76,66.5,66.5,13.435028842544403,19,77,51.5,45.833333333333336,22.807162617622268,22
2016-10-28 07:40:00,1,0,"[07:40:00,08:00:00)",46,28,7,40,4,0,1,37.0,28.0,54.42857142857143,27.054618477302185,37.0,9.0,28,46,37,38,46,42.0,42.0,5.656854249492381,8,46,24.5,25.666666666666668,14.264174237111192,23
2016-10-28 07:40:00,1,1,"[07:40:00,08:00:00)",113,28,7,40,4,0,1,100.0,86.0,104.14285714285714,21.698145630664477,99.66666666666667,13.503086067019394,86,113,100,87,113,100.0,100.0,18.384776310850235,35,113,75.5,76.0,29.010342983149993,23
2016-10-28 07:40:00,2,0,"[07:40:00,08:00:00)",97,28,7,40,4,0,1,99.0,66.0,76.85714285714286,33.78080604637576,87.33333333333333,18.502252115170556,66,99,97,90,97,93.5,93.5,4.949747468305833,19,99,59.5,59.5,34.708788512421464,23
2016-10-28 07:40:00,3,0,"[07:40:00,08:00:00)",151,28,7,40,4,0,1,104.0,120.0,129.71428571428572,29.26154635760207,125.0,23.895606290697042,104,151,120,151,155,153.0,153.0,2.8284271247461903,25,151,87.0,87.0,46.54460226492434,23
2016-10-28 07:40:00,3,1,"[07:40:00,08:00:00)",77,28,7,40,4,0,1,57.0,52.0,81.0,16.103829772241554,62.0,13.228756555322953,52,77,57,77,79,78.0,78.0,1.4142135623730951,19,77,51.5,45.833333333333336,22.807162617622268,23
2016-10-28 15:00:00,1,0,"[15:00:00,15:20:00)",62,28,15,0,4,0,0,46.0,37.0,66.85714285714286,30.612789110808848,55.666666666666664,7.094598884597588,48,62,57,47,62,54.5,54.5,10.606601717798213,48,78,60.0,61.666666666666664,10.17185659880568,45
2016-10-28 15:00:00,1,1,"[15:00:00,15:20:00)",102,28,15,0,4,0,0,113.0,100.0,97.71428571428572,8.22018421760903,112.33333333333333,10.016652800877813,102,122,113,102,113,107.5,107.5,7.7781745930520225,102,134,114.0,115.83333333333333,11.089033621856627,45
2016-10-28 15:00:00,2,0,"[15:00:00,15:20:00)",87,28,15,0,4,0,0,97.0,99.0,58.714285714285715,32.99855696700632,95.66666666666667,8.50490054811538,87,104,96,87,93,90.0,90.0,4.242640687119285,85,110,94.5,95.83333333333333,9.703951085339758,45
2016-10-28 15:00:00,3,0,"[15:00:00,15:20:00)",145,28,15,0,4,0,0,151.0,104.0,127.85714285714286,16.375068156891967,156.66666666666666,18.50225211517056,145,178,147,127,145,136.0,136.0,12.727922061357855,143,178,150.5,154.33333333333334,13.048627003124377,45
2016-10-28 15:00:00,3,1,"[15:00:00,15:20:00)",130,28,15,0,4,0,0,77.0,57.0,102.71428571428572,32.993505854507625,119.66666666666667,12.342339054382414,106,130,123,113,130,121.5,121.5,12.020815280171307,95,130,106.5,109.66666666666667,14.052283325732748,45
2016-10-28 15:20:00,1,0,"[15:20:00,15:40:00)",48,28,15,20,4,0,0,62.0,46.0,62.28571428571429,35.42463495796057,55.666666666666664,7.094598884597588,48,62,57,48,49,48.5,48.5,0.7071067811865476,48,78,60.0,61.666666666666664,10.17185659880568,46
2016-10-28 15:20:00,1,1,"[15:20:00,15:40:00)",122,28,15,20,4,0,0,102.0,113.0,103.85714285714286,17.948338562186112,112.33333333333333,10.016652800877813,102,122,113,106,122,114.0,114.0,11.313708498984761,102,134,114.0,115.83333333333333,11.089033621856627,46
2016-10-28 15:20:00,2,0,"[15:20:00,15:40:00)",96,28,15,20,4,0,0,87.0,97.0,56.28571428571429,27.79516915889214,95.66666666666667,8.50490054811538,87,104,96,76,96,86.0,86.0,14.142135623730951,85,110,94.5,95.83333333333333,9.703951085339758,46
2016-10-28 15:20:00,3,0,"[15:20:00,15:40:00)",147,28,15,20,4,0,0,145.0,151.0,119.71428571428572,22.603202470109448,156.66666666666666,18.50225211517056,145,178,147,147,168,157.5,157.5,14.849242404917497,143,178,150.5,154.33333333333334,13.048627003124377,46
2016-10-28 15:20:00,3,1,"[15:20:00,15:40:00)",123,28,15,20,4,0,0,130.0,77.0,97.57142857142857,19.415261547359613,119.66666666666667,12.342339054382414,106,130,123,100,123,111.5,111.5,16.263455967290593,95,130,106.5,109.66666666666667,14.052283325732748,46
2016-10-28 15:40:00,1,0,"[15:40:00,16:00:00)",57,28,15,40,4,0,0,48.0,62.0,69.14285714285714,39.608200209167855,55.666666666666664,7.094598884597588,48,62,57,55,57,56.0,56.0,1.4142135623730951,48,78,60.0,61.666666666666664,10.17185659880568,47
2016-10-28 15:40:00,1,1,"[15:40:00,16:00:00)",113,28,15,40,4,0,0,122.0,102.0,102.42857142857143,13.364843718467029,112.33333333333333,10.016652800877813,102,122,113,113,129,121.0,121.0,11.313708498984761,102,134,114.0,115.83333333333333,11.089033621856627,47
2016-10-28 15:40:00,2,0,"[15:40:00,16:00:00)",104,28,15,40,4,0,0,96.0,87.0,68.57142857142857,35.40177558097496,95.66666666666667,8.50490054811538,87,104,96,92,104,98.0,98.0,8.48528137423857,85,110,94.5,95.83333333333333,9.703951085339758,47
2016-10-28 15:40:00,3,0,"[15:40:00,16:00:00)",178,28,15,40,4,0,0,147.0,145.0,122.85714285714286,27.03348893149983,156.66666666666666,18.50225211517056,145,178,147,157,178,167.5,167.5,14.849242404917497,143,178,150.5,154.33333333333334,13.048627003124377,47
2016-10-28 15:40:00,3,1,"[15:40:00,16:00:00)",106,28,15,40,4,0,0,123.0,130.0,96.14285714285714,24.53180637070013,119.66666666666667,12.342339054382414,106,130,123,96,106,101.0,101.0,7.0710678118654755,95,130,106.5,109.66666666666667,14.052283325732748,47
2016-10-28 16:00:00,1,0,"[16:00:00,16:20:00)",78,28,16,0,4,0,0,57.0,48.0,68.14285714285714,26.87891721175149,67.66666666666667,10.016652800877814,58,78,67,59,78,68.5,68.5,13.435028842544403,48,78,60.0,61.666666666666664,10.17185659880568,48
2016-10-28 16:00:00,1,1,"[16:00:00,16:20:00)",134,28,16,0,4,0,0,113.0,122.0,108.0,13.152946437965904,119.33333333333333,13.051181300301261,109,134,115,107,134,120.5,120.5,19.091883092036785,102,134,114.0,115.83333333333333,11.089033621856627,48
2016-10-28 16:00:00,2,0,"[16:00:00,16:20:00)",85,28,16,0,4,0,0,104.0,96.0,56.714285714285715,29.227351834165464,96.0,12.767145334803704,85,110,93,80,85,82.5,82.5,3.5355339059327378,85,110,94.5,95.83333333333333,9.703951085339758,48
2016-10-28 16:00:00,3,0,"[16:00:00,16:20:00)",154,28,16,0,4,0,0,178.0,147.0,129.71428571428572,12.257165057144954,152.0,8.18535277187245,143,159,154,154,155,154.5,154.5,0.7071067811865476,143,178,150.5,154.33333333333334,13.048627003124377,48
2016-10-28 16:00:00,3,1,"[16:00:00,16:20:00)",97,28,16,0,4,0,0,106.0,123.0,94.85714285714286,12.62838827706016,99.66666666666667,6.429100507328638,95,107,97,78,97,87.5,87.5,13.435028842544403,95,130,106.5,109.66666666666667,14.052283325732748,48
2016-10-28 16:20:00,1,0,"[16:20:00,16:40:00)",67,28,16,20,4,0,0,78.0,57.0,65.71428571428571,27.699063075095072,67.66666666666667,10.016652800877814,58,78,67,65,67,66.0,66.0,1.4142135623730951,48,78,60.0,61.666666666666664,10.17185659880568,49
2016-10-28 16:20:00,1,1,"[16:20:00,16:40:00)",109,28,16,20,4,0,0,134.0,113.0,103.57142857142857,8.303757038376117,119.33333333333333,13.051181300301261,109,134,115,107,109,108.0,108.0,1.4142135623730951,102,134,114.0,115.83333333333333,11.089033621856627,49
2016-10-28 16:20:00,2,0,"[16:20:00,16:40:00)",93,28,16,20,4,0,0,85.0,104.0,63.85714285714285,31.189894578365024,96.0,12.767145334803704,85,110,93,93,97,95.0,95.0,2.8284271247461903,85,110,94.5,95.83333333333333,9.703951085339758,49
2016-10-28 16:20:00,3,0,"[16:20:00,16:40:00)",159,28,16,20,4,0,0,154.0,178.0,133.0,15.362291495737214,152.0,8.18535277187245,143,159,154,152,159,155.5,155.5,4.949747468305833,143,178,150.5,154.33333333333334,13.048627003124377,49
2016-10-28 16:20:00,3,1,"[16:20:00,16:40:00)",107,28,16,20,4,0,0,97.0,106.0,104.85714285714286,16.25247233939677,99.66666666666667,6.429100507328638,95,107,97,92,107,99.5,99.5,10.606601717798213,95,130,106.5,109.66666666666667,14.052283325732748,49
2016-10-28 16:40:00,1,0,"[16:40:00,17:00:00)",58,28,16,40,4,0,0,67.0,78.0,63.57142857142857,25.37621683688057,67.66666666666667,10.016652800877814,58,78,67,58,68,63.0,63.0,7.0710678118654755,48,78,60.0,61.666666666666664,10.17185659880568,50
2016-10-28 16:40:00,1,1,"[16:40:00,17:00:00)",115,28,16,40,4,0,0,109.0,134.0,110.85714285714286,7.8830740921836515,119.33333333333333,13.051181300301261,109,134,115,109,115,112.0,112.0,4.242640687119285,102,134,114.0,115.83333333333333,11.089033621856627,50
2016-10-28 16:40:00,2,0,"[16:40:00,17:00:00)",110,28,16,40,4,0,0,93.0,85.0,67.28571428571429,35.817659916649525,96.0,12.767145334803704,85,110,93,78,110,94.0,94.0,22.627416997969522,85,110,94.5,95.83333333333333,9.703951085339758,50
2016-10-28 16:40:00,3,0,"[16:40:00,17:00:00)",143,28,16,40,4,0,0,159.0,154.0,118.57142857142857,15.946338585572374,152.0,8.18535277187245,143,159,154,143,165,154.0,154.0,15.556349186104045,143,178,150.5,154.33333333333334,13.048627003124377,50
2016-10-28 16:40:00,3,1,"[16:40:00,17:00:00)",95,28,16,40,4,0,0,107.0,97.0,97.57142857142857,19.552128126772143,99.66666666666667,6.429100507328638,95,107,97,95,104,99.5,99.5,6.363961030678928,95,130,106.5,109.66666666666667,14.052283325732748,50
2016-10-29 06:00:00,1,0,"[06:00:00,06:20:00)",11,29,6,0,5,1,1,58.0,67.0,14.285714285714285,6.447590912226719,15.666666666666666,4.163331998932266,11,19,17,7,11,9.0,9.0,2.8284271247461903,11,37,21.5,22.5,9.027735042633894,18
2016-10-29 06:00:00,1,1,"[06:00:00,06:20:00)",32,29,6,0,5,1,1,115.0,109.0,36.57142857142857,2.992052966172382,43.0,13.45362404707371,32,58,39,31,32,31.5,31.5,0.7071067811865476,32,89,57.5,58.833333333333336,21.8853070955531,18
2016-10-29 06:00:00,2,0,"[06:00:00,06:20:00)",23,29,6,0,5,1,1,110.0,93.0,19.714285714285715,9.655987533033338,35.0,10.44030650891055,23,42,40,22,23,22.5,22.5,0.7071067811865476,23,61,41.0,42.166666666666664,13.4969132273519,18
2016-10-29 06:00:00,3,0,"[06:00:00,06:20:00)",27,29,6,0,5,1,1,143.0,159.0,24.142857142857146,4.29839394148448,41.333333333333336,16.258331197676263,27,59,38,27,27,27.0,27.0,0.0,27,92,62.0,59.833333333333336,24.276875142132003,18
2016-10-29 06:00:00,3,1,"[06:00:00,06:20:00)",13,29,6,0,5,1,1,95.0,107.0,21.428571428571427,5.1269595556932455,24.333333333333332,10.016652800877813,13,32,28,13,19,16.0,16.0,4.242640687119285,13,65,43.0,42.666666666666664,21.407163909931334,18
2016-10-29 06:20:00,1,0,"[06:20:00,06:40:00)",17,29,6,20,5,1,1,11.0,58.0,22.428571428571423,14.808298831591502,15.666666666666666,4.163331998932266,11,19,17,8,17,12.5,12.5,6.363961030678928,11,37,21.5,22.5,9.027735042633894,19
2016-10-29 06:20:00,1,1,"[06:20:00,06:40:00)",39,29,6,20,5,1,1,32.0,115.0,47.714285714285715,6.5246784266681335,43.0,13.45362404707371,32,58,39,36,39,37.5,37.5,2.1213203435596424,32,89,57.5,58.833333333333336,21.8853070955531,19
2016-10-29 06:20:00,2,0,"[06:20:00,06:40:00)",42,29,6,20,5,1,1,23.0,110.0,24.0,13.686976778431873,35.0,10.44030650891055,23,42,40,22,42,32.0,32.0,14.142135623730951,23,61,41.0,42.166666666666664,13.4969132273519,19
2016-10-29 06:20:00,3,0,"[06:20:00,06:40:00)",38,29,6,20,5,1,1,27.0,143.0,45.42857142857143,6.876460883747853,41.333333333333336,16.258331197676263,27,59,38,37,38,37.5,37.5,0.7071067811865476,27,92,62.0,59.833333333333336,24.276875142132003,19
2016-10-29 06:20:00,3,1,"[06:20:00,06:40:00)",28,29,6,20,5,1,1,13.0,95.0,28.857142857142854,5.698788509515902,24.333333333333332,10.016652800877813,13,32,28,18,28,23.0,23.0,7.0710678118654755,13,65,43.0,42.666666666666664,21.407163909931334,19
2016-10-29 06:40:00,1,0,"[06:40:00,07:00:00)",19,29,6,40,5,1,1,17.0,11.0,28.714285714285715,14.941154414505437,15.666666666666666,4.163331998932266,11,19,17,19,22,20.5,20.5,2.1213203435596424,11,37,21.5,22.5,9.027735042633894,20
2016-10-29 06:40:00,1,1,"[06:40:00,07:00:00)",58,29,6,40,5,1,1,39.0,32.0,60.42857142857143,7.2078000077957896,43.0,13.45362404707371,32,58,39,56,58,57.0,57.0,1.4142135623730951,32,89,57.5,58.833333333333336,21.8853070955531,20
2016-10-29 06:40:00,2,0,"[06:40:00,07:00:00)",40,29,6,40,5,1,1,42.0,23.0,34.57142857142857,17.77504939380988,35.0,10.44030650891055,23,42,40,40,43,41.5,41.5,2.1213203435596424,23,61,41.0,42.166666666666664,13.4969132273519,20
2016-10-29 06:40:00,3,0,"[06:40:00,07:00:00)",59,29,6,40,5,1,1,38.0,27.0,70.71428571428571,12.802529511966062,41.333333333333336,16.258331197676263,27,59,38,51,59,55.0,55.0,5.656854249492381,27,92,62.0,59.833333333333336,24.276875142132003,20
2016-10-29 06:40:00,3,1,"[06:40:00,07:00:00)",32,29,6,40,5,1,1,28.0,13.0,41.142857142857146,9.58172864411865,24.333333333333332,10.016652800877813,13,32,28,25,32,28.5,28.5,4.949747468305833,13,65,43.0,42.666666666666664,21.407163909931334,20
2016-10-29 07:00:00,1,0,"[07:00:00,07:20:00)",27,29,7,0,5,1,1,19.0,17.0,39.285714285714285,26.20886800120833,29.333333333333332,6.8068592855540455,24,37,27,14,27,20.5,20.5,9.192388155425117,11,37,21.5,22.5,9.027735042633894,21
2016-10-29 07:00:00,1,1,"[07:00:00,07:20:00)",57,29,7,0,5,1,1,58.0,39.0,70.42857142857143,11.956269524913738,74.66666666666667,16.258331197676263,57,89,78,49,57,53.0,53.0,5.656854249492381,32,89,57.5,58.833333333333336,21.8853070955531,21
2016-10-29 07:00:00,2,0,"[07:00:00,07:20:00)",34,29,7,0,5,1,1,40.0,42.0,52.85714285714285,27.7634566257432,49.333333333333336,13.868429375143146,34,61,53,24,34,29.0,29.0,7.0710678118654755,23,61,41.0,42.166666666666664,13.4969132273519,21
2016-10-29 07:00:00,3,0,"[07:00:00,07:20:00)",65,29,7,0,5,1,1,59.0,38.0,111.57142857142857,31.55343162984096,78.33333333333333,13.503086067019398,65,92,78,65,76,70.5,70.5,7.7781745930520225,27,92,62.0,59.833333333333336,24.276875142132003,21
2016-10-29 07:00:00,3,1,"[07:00:00,07:20:00)",54,29,7,0,5,1,1,32.0,28.0,56.85714285714285,6.618876325292972,61.0,6.082762530298219,54,65,64,38,54,46.0,46.0,11.313708498984761,13,65,43.0,42.666666666666664,21.407163909931334,21
2016-10-29 07:20:00,1,0,"[07:20:00,07:40:00)",37,29,7,20,5,1,1,27.0,19.0,45.42857142857143,23.308490176022005,29.333333333333332,6.8068592855540455,24,37,27,27,37,32.0,32.0,7.0710678118654755,11,37,21.5,22.5,9.027735042633894,22
2016-10-29 07:20:00,1,1,"[07:20:00,07:40:00)",78,29,7,20,5,1,1,57.0,58.0,90.85714285714286,11.922367933546472,74.66666666666667,16.258331197676263,57,89,78,44,78,61.0,61.0,24.041630560342615,32,89,57.5,58.833333333333336,21.8853070955531,22
2016-10-29 07:20:00,2,0,"[07:20:00,07:40:00)",53,29,7,20,5,1,1,34.0,40.0,67.42857142857143,33.11020559111215,49.333333333333336,13.868429375143146,34,61,53,49,53,51.0,51.0,2.8284271247461903,23,61,41.0,42.166666666666664,13.4969132273519,22
2016-10-29 07:20:00,3,0,"[07:20:00,07:40:00)",78,29,7,20,5,1,1,65.0,59.0,112.85714285714286,30.899992294651533,78.33333333333333,13.503086067019398,65,92,78,78,89,83.5,83.5,7.7781745930520225,27,92,62.0,59.833333333333336,24.276875142132003,22
2016-10-29 07:20:00,3,1,"[07:20:00,07:40:00)",64,29,7,20,5,1,1,54.0,32.0,75.57142857142857,14.931590034299125,61.0,6.082762530298219,54,65,64,39,64,51.5,51.5,17.67766952966369,13,65,43.0,42.666666666666664,21.407163909931334,22
2016-10-29 07:40:00,1,0,"[07:40:00,08:00:00)",24,29,7,40,5,1,1,37.0,27.0,54.42857142857143,27.054618477302185,29.333333333333332,6.8068592855540455,24,37,27,24,34,29.0,29.0,7.0710678118654755,11,37,21.5,22.5,9.027735042633894,23
2016-10-29 07:40:00,1,1,"[07:40:00,08:00:00)",89,29,7,40,5,1,1,78.0,57.0,104.14285714285714,21.698145630664477,74.66666666666667,16.258331197676263,57,89,78,74,89,81.5,81.5,10.606601717798213,32,89,57.5,58.833333333333336,21.8853070955531,23
2016-10-29 07:40:00,2,0,"[07:40:00,08:00:00)",61,29,7,40,5,1,1,53.0,34.0,76.85714285714286,33.78080604637576,49.333333333333336,13.868429375143146,34,61,53,55,61,58.0,58.0,4.242640687119285,23,61,41.0,42.166666666666664,13.4969132273519,23
2016-10-29 07:40:00,3,0,"[07:40:00,08:00:00)",92,29,7,40,5,1,1,78.0,65.0,129.71428571428572,29.26154635760207,78.33333333333333,13.503086067019398,65,92,78,77,92,84.5,84.5,10.606601717798213,27,92,62.0,59.833333333333336,24.276875142132003,23
2016-10-29 07:40:00,3,1,"[07:40:00,08:00:00)",65,29,7,40,5,1,1,64.0,54.0,81.0,16.103829772241554,61.0,6.082762530298219,54,65,64,65,69,67.0,67.0,2.8284271247461903,13,65,43.0,42.666666666666664,21.407163909931334,23
2016-10-29 15:00:00,1,0,"[15:00:00,15:20:00)",60,29,15,0,5,1,0,24.0,37.0,66.85714285714286,30.612789110808848,53.333333333333336,6.110100926607787,48,60,52,37,60,48.5,48.5,16.263455967290593,48,62,50.0,53.0,6.418722614352485,45
2016-10-29 15:00:00,1,1,"[15:00:00,15:20:00)",98,29,15,0,5,1,0,89.0,78.0,97.71428571428572,8.22018421760903,84.0,14.0,70,98,84,98,100,99.0,99.0,1.4142135623730951,70,111,94.5,92.66666666666667,14.445299120013633,45
2016-10-29 15:00:00,2,0,"[15:00:00,15:20:00)",91,29,15,0,5,1,0,61.0,53.0,58.714285714285715,32.99855696700632,84.0,7.0,77,91,84,77,91,84.0,84.0,9.899494936611665,77,91,81.0,81.83333333333333,5.382068994974579,45
2016-10-29 15:00:00,3,0,"[15:00:00,15:20:00)",131,29,15,0,5,1,0,92.0,78.0,127.85714285714286,16.375068156891967,122.33333333333333,8.08290376865476,115,131,121,106,131,118.5,118.5,17.67766952966369,94,133,123.5,120.0,14.338758663147937,45
2016-10-29 15:00:00,3,1,"[15:00:00,15:20:00)",84,29,15,0,5,1,0,65.0,64.0,102.71428571428572,32.993505854507625,86.66666666666667,12.220201853215572,76,100,84,73,84,78.5,78.5,7.7781745930520225,76,101,88.0,88.5,10.839741694339398,45
2016-10-29 15:20:00,1,0,"[15:20:00,15:40:00)",48,29,15,20,5,1,0,60.0,24.0,62.28571428571429,35.42463495796057,53.333333333333336,6.110100926607787,48,60,52,47,48,47.5,47.5,0.7071067811865476,48,62,50.0,53.0,6.418722614352485,46
2016-10-29 15:20:00,1,1,"[15:20:00,15:40:00)",70,29,15,20,5,1,0,98.0,89.0,103.85714285714286,17.948338562186112,84.0,14.0,70,98,84,70,96,83.0,83.0,18.384776310850235,70,111,94.5,92.66666666666667,14.445299120013633,46
2016-10-29 15:20:00,2,0,"[15:20:00,15:40:00)",77,29,15,20,5,1,0,91.0,61.0,56.28571428571429,27.79516915889214,84.0,7.0,77,91,84,77,77,77.0,77.0,0.0,77,91,81.0,81.83333333333333,5.382068994974579,46
2016-10-29 15:20:00,3,0,"[15:20:00,15:40:00)",121,29,15,20,5,1,0,131.0,92.0,119.71428571428572,22.603202470109448,122.33333333333333,8.08290376865476,115,131,121,99,121,110.0,110.0,15.556349186104045,94,133,123.5,120.0,14.338758663147937,46
2016-10-29 15:20:00,3,1,"[15:20:00,15:40:00)",76,29,15,20,5,1,0,84.0,65.0,97.57142857142857,19.415261547359613,86.66666666666667,12.220201853215572,76,100,84,76,82,79.0,79.0,4.242640687119285,76,101,88.0,88.5,10.839741694339398,46
2016-10-29 15:40:00,1,0,"[15:40:00,16:00:00)",52,29,15,40,5,1,0,48.0,60.0,69.14285714285714,39.608200209167855,53.333333333333336,6.110100926607787,48,60,52,52,52,52.0,52.0,0.0,48,62,50.0,53.0,6.418722614352485,47
2016-10-29 15:40:00,1,1,"[15:40:00,16:00:00)",84,29,15,40,5,1,0,70.0,98.0,102.42857142857143,13.364843718467029,84.0,14.0,70,98,84,84,95,89.5,89.5,7.7781745930520225,70,111,94.5,92.66666666666667,14.445299120013633,47
2016-10-29 15:40:00,2,0,"[15:40:00,16:00:00)",84,29,15,40,5,1,0,77.0,91.0,68.57142857142857,35.40177558097496,84.0,7.0,77,91,84,61,84,72.5,72.5,16.263455967290593,77,91,81.0,81.83333333333333,5.382068994974579,47
2016-10-29 15:40:00,3,0,"[15:40:00,16:00:00)",115,29,15,40,5,1,0,121.0,131.0,122.85714285714286,27.03348893149983,122.33333333333333,8.08290376865476,115,131,121,114,115,114.5,114.5,0.7071067811865476,94,133,123.5,120.0,14.338758663147937,47
2016-10-29 15:40:00,3,1,"[15:40:00,16:00:00)",100,29,15,40,5,1,0,76.0,84.0,96.14285714285714,24.53180637070013,86.66666666666667,12.220201853215572,76,100,84,97,100,98.5,98.5,2.1213203435596424,76,101,88.0,88.5,10.839741694339398,47
2016-10-29 16:00:00,1,0,"[16:00:00,16:20:00)",48,29,16,0,5,1,0,52.0,48.0,68.14285714285714,26.87891721175149,52.666666666666664,8.082903768654761,48,62,48,47,48,47.5,47.5,0.7071067811865476,48,62,50.0,53.0,6.418722614352485,48
2016-10-29 16:00:00,1,1,"[16:00:00,16:20:00)",102,29,16,0,5,1,0,84.0,70.0,108.0,13.152946437965904,101.33333333333333,10.016652800877814,91,111,102,102,109,105.5,105.5,4.949747468305833,70,111,94.5,92.66666666666667,14.445299120013633,48
2016-10-29 16:00:00,2,0,"[16:00:00,16:20:00)",77,29,16,0,5,1,0,84.0,77.0,56.714285714285715,29.227351834165464,79.66666666666667,3.0550504633038913,77,83,79,77,80,78.5,78.5,2.1213203435596424,77,91,81.0,81.83333333333333,5.382068994974579,48
2016-10-29 16:00:00,3,0,"[16:00:00,16:20:00)",126,29,16,0,5,1,0,115.0,121.0,129.71428571428572,12.257165057144954,117.66666666666667,20.792626898334262,94,133,126,115,126,120.5,120.5,7.7781745930520225,94,133,123.5,120.0,14.338758663147937,48
2016-10-29 16:00:00,3,1,"[16:00:00,16:20:00)",101,29,16,0,5,1,0,100.0,76.0,94.85714285714286,12.62838827706016,90.33333333333333,11.59022576714247,78,101,92,94,101,97.5,97.5,4.949747468305833,76,101,88.0,88.5,10.839741694339398,48
2016-10-29 16:20:00,1,0,"[16:20:00,16:40:00)",62,29,16,20,5,1,0,48.0,52.0,65.71428571428571,27.699063075095072,52.666666666666664,8.082903768654761,48,62,48,56,62,59.0,59.0,4.242640687119285,48,62,50.0,53.0,6.418722614352485,49
2016-10-29 16:20:00,1,1,"[16:20:00,16:40:00)",91,29,16,20,5,1,0,102.0,84.0,103.57142857142857,8.303757038376117,101.33333333333333,10.016652800877814,91,111,102,91,102,96.5,96.5,7.7781745930520225,70,111,94.5,92.66666666666667,14.445299120013633,49
2016-10-29 16:20:00,2,0,"[16:20:00,16:40:00)",79,29,16,20,5,1,0,77.0,84.0,63.85714285714285,31.189894578365024,79.66666666666667,3.0550504633038913,77,83,79,67,79,73.0,73.0,8.48528137423857,77,91,81.0,81.83333333333333,5.382068994974579,49
2016-10-29 16:20:00,3,0,"[16:20:00,16:40:00)",133,29,16,20,5,1,0,126.0,115.0,133.0,15.362291495737214,117.66666666666667,20.792626898334262,94,133,126,115,133,124.0,124.0,12.727922061357855,94,133,123.5,120.0,14.338758663147937,49
2016-10-29 16:20:00,3,1,"[16:20:00,16:40:00)",92,29,16,20,5,1,0,101.0,100.0,104.85714285714286,16.25247233939677,90.33333333333333,11.59022576714247,78,101,92,72,92,82.0,82.0,14.142135623730951,76,101,88.0,88.5,10.839741694339398,49
2016-10-29 16:40:00,1,0,"[16:40:00,17:00:00)",48,29,16,40,5,1,0,62.0,48.0,63.57142857142857,25.37621683688057,52.666666666666664,8.082903768654761,48,62,48,48,54,51.0,51.0,4.242640687119285,48,62,50.0,53.0,6.418722614352485,50
2016-10-29 16:40:00,1,1,"[16:40:00,17:00:00)",111,29,16,40,5,1,0,91.0,102.0,110.85714285714286,7.8830740921836515,101.33333333333333,10.016652800877814,91,111,102,79,111,95.0,95.0,22.627416997969522,70,111,94.5,92.66666666666667,14.445299120013633,50
2016-10-29 16:40:00,2,0,"[16:40:00,17:00:00)",83,29,16,40,5,1,0,79.0,77.0,67.28571428571429,35.817659916649525,79.66666666666667,3.0550504633038913,77,83,79,69,83,76.0,76.0,9.899494936611665,77,91,81.0,81.83333333333333,5.382068994974579,50
2016-10-29 16:40:00,3,0,"[16:40:00,17:00:00)",94,29,16,40,5,1,0,133.0,126.0,118.57142857142857,15.946338585572374,117.66666666666667,20.792626898334262,94,133,126,94,101,97.5,97.5,4.949747468305833,94,133,123.5,120.0,14.338758663147937,50
2016-10-29 16:40:00,3,1,"[16:40:00,17:00:00)",78,29,16,40,5,1,0,92.0,101.0,97.57142857142857,19.552128126772143,90.33333333333333,11.59022576714247,78,101,92,78,87,82.5,82.5,6.363961030678928,76,101,88.0,88.5,10.839741694339398,50
2016-10-30 06:00:00,1,0,"[06:00:00,06:20:00)",18,30,6,0,6,1,1,48.0,62.0,14.285714285714285,6.447590912226719,24.333333333333332,6.027713773341709,18,30,25,13,18,15.5,15.5,3.5355339059327378,18,74,35.0,39.333333333333336,20.215505600075076,18
2016-10-30 06:00:00,1,1,"[06:00:00,06:20:00)",42,30,6,0,6,1,1,111.0,91.0,36.57142857142857,2.992052966172382,46.666666666666664,8.082903768654761,42,56,42,26,42,34.0,34.0,11.313708498984761,42,70,60.0,56.5,12.095453691366853,18
2016-10-30 06:00:00,2,0,"[06:00:00,06:20:00)",5,30,6,0,6,1,1,83.0,79.0,19.714285714285715,9.655987533033338,4.666666666666667,1.5275252316519465,3,6,5,5,8,6.5,6.5,2.1213203435596424,3,16,6.0,7.833333333333333,4.792355023020171,18
2016-10-30 06:00:00,3,0,"[06:00:00,06:20:00)",15,30,6,0,6,1,1,94.0,133.0,24.142857142857146,4.29839394148448,36.0,20.518284528683193,15,56,37,15,18,16.5,16.5,2.1213203435596424,15,86,63.0,57.0,26.892378102354577,18
2016-10-30 06:00:00,3,1,"[06:00:00,06:20:00)",21,30,6,0,6,1,1,78.0,92.0,21.428571428571427,5.1269595556932455,26.666666666666668,6.658328118479393,21,34,25,9,21,15.0,15.0,8.48528137423857,21,60,46.5,43.166666666666664,18.562507014589023,18
2016-10-30 06:20:00,1,0,"[06:20:00,06:40:00)",25,30,6,20,6,1,1,18.0,48.0,22.428571428571423,14.808298831591502,24.333333333333332,6.027713773341709,18,30,25,10,25,17.5,17.5,10.606601717798213,18,74,35.0,39.333333333333336,20.215505600075076,19
2016-10-30 06:20:00,1,1,"[06:20:00,06:40:00)",42,30,6,20,6,1,1,42.0,111.0,47.714285714285715,6.5246784266681335,46.666666666666664,8.082903768654761,42,56,42,42,50,46.0,46.0,5.656854249492381,42,70,60.0,56.5,12.095453691366853,19
2016-10-30 06:20:00,2,0,"[06:20:00,06:40:00)",3,30,6,20,6,1,1,5.0,83.0,24.0,13.686976778431873,4.666666666666667,1.5275252316519465,3,6,5,3,11,7.0,7.0,5.656854249492381,3,16,6.0,7.833333333333333,4.792355023020171,19
2016-10-30 06:20:00,3,0,"[06:20:00,06:40:00)",37,30,6,20,6,1,1,15.0,94.0,45.42857142857143,6.876460883747853,36.0,20.518284528683193,15,56,37,29,37,33.0,33.0,5.656854249492381,15,86,63.0,57.0,26.892378102354577,19
2016-10-30 06:20:00,3,1,"[06:20:00,06:40:00)",34,30,6,20,6,1,1,21.0,78.0,28.857142857142854,5.698788509515902,26.666666666666668,6.658328118479393,21,34,25,19,34,26.5,26.5,10.606601717798213,21,60,46.5,43.166666666666664,18.562507014589023,19
2016-10-30 06:40:00,1,0,"[06:40:00,07:00:00)",30,30,6,40,6,1,1,25.0,18.0,28.714285714285715,14.941154414505437,24.333333333333332,6.027713773341709,18,30,25,8,30,19.0,19.0,15.556349186104045,18,74,35.0,39.333333333333336,20.215505600075076,20
2016-10-30 06:40:00,1,1,"[06:40:00,07:00:00)",56,30,6,40,6,1,1,42.0,42.0,60.42857142857143,7.2078000077957896,46.666666666666664,8.082903768654761,42,56,42,33,56,44.5,44.5,16.263455967290593,42,70,60.0,56.5,12.095453691366853,20
2016-10-30 06:40:00,2,0,"[06:40:00,07:00:00)",6,30,6,40,6,1,1,3.0,5.0,34.57142857142857,17.77504939380988,4.666666666666667,1.5275252316519465,3,6,5,6,25,15.5,15.5,13.435028842544403,3,16,6.0,7.833333333333333,4.792355023020171,20
2016-10-30 06:40:00,3,0,"[06:40:00,07:00:00)",56,30,6,40,6,1,1,37.0,15.0,70.71428571428571,12.802529511966062,36.0,20.518284528683193,15,56,37,43,56,49.5,49.5,9.192388155425117,15,86,63.0,57.0,26.892378102354577,20
2016-10-30 06:40:00,3,1,"[06:40:00,07:00:00)",25,30,6,40,6,1,1,34.0,21.0,41.142857142857146,9.58172864411865,26.666666666666668,6.658328118479393,21,34,25,25,33,29.0,29.0,5.656854249492381,21,60,46.5,43.166666666666664,18.562507014589023,20
2016-10-30 07:00:00,1,0,"[07:00:00,07:20:00)",49,30,7,0,6,1,1,30.0,25.0,39.285714285714285,26.20886800120833,54.333333333333336,17.61628034896508,40,74,49,17,49,33.0,33.0,22.627416997969522,18,74,35.0,39.333333333333336,20.215505600075076,21
2016-10-30 07:00:00,1,1,"[07:00:00,07:20:00)",64,30,7,0,6,1,1,56.0,42.0,70.42857142857143,11.956269524913738,66.33333333333333,3.2145502536643176,64,70,65,45,64,54.5,54.5,13.435028842544403,42,70,60.0,56.5,12.095453691366853,21
2016-10-30 07:00:00,2,0,"[07:00:00,07:20:00)",6,30,7,0,6,1,1,6.0,3.0,52.85714285714285,27.7634566257432,11.0,5.0,6,16,11,6,29,17.5,17.5,16.263455967290593,3,16,6.0,7.833333333333333,4.792355023020171,21
2016-10-30 07:00:00,3,0,"[07:00:00,07:20:00)",70,30,7,0,6,1,1,56.0,37.0,111.57142857142857,31.55343162984096,78.0,8.0,70,86,78,51,70,60.5,60.5,13.435028842544403,15,86,63.0,57.0,26.892378102354577,21
2016-10-30 07:00:00,3,1,"[07:00:00,07:20:00)",60,30,7,0,6,1,1,25.0,34.0,56.85714285714285,6.618876325292972,59.666666666666664,0.5773502691896263,59,60,60,36,60,48.0,48.0,16.97056274847714,21,60,46.5,43.166666666666664,18.562507014589023,21
2016-10-30 07:20:00,1,0,"[07:20:00,07:40:00)",40,30,7,20,6,1,1,49.0,30.0,45.42857142857143,23.308490176022005,54.333333333333336,17.61628034896508,40,74,49,24,40,32.0,32.0,11.313708498984761,18,74,35.0,39.333333333333336,20.215505600075076,22
2016-10-30 07:20:00,1,1,"[07:20:00,07:40:00)",70,30,7,20,6,1,1,64.0,56.0,90.85714285714286,11.922367933546472,66.33333333333333,3.2145502536643176,64,70,65,41,70,55.5,55.5,20.506096654409877,42,70,60.0,56.5,12.095453691366853,22
2016-10-30 07:20:00,2,0,"[07:20:00,07:40:00)",11,30,7,20,6,1,1,6.0,6.0,67.42857142857143,33.11020559111215,11.0,5.0,6,16,11,11,35,23.0,23.0,16.97056274847714,3,16,6.0,7.833333333333333,4.792355023020171,22
2016-10-30 07:20:00,3,0,"[07:20:00,07:40:00)",78,30,7,20,6,1,1,70.0,56.0,112.85714285714286,30.899992294651533,78.0,8.0,70,86,78,71,78,74.5,74.5,4.949747468305833,15,86,63.0,57.0,26.892378102354577,22
2016-10-30 07:20:00,3,1,"[07:20:00,07:40:00)",59,30,7,20,6,1,1,60.0,25.0,75.57142857142857,14.931590034299125,59.666666666666664,0.5773502691896263,59,60,60,53,59,56.0,56.0,4.242640687119285,21,60,46.5,43.166666666666664,18.562507014589023,22
2016-10-30 07:40:00,1,0,"[07:40:00,08:00:00)",74,30,7,40,6,1,1,40.0,49.0,54.42857142857143,27.054618477302185,54.333333333333336,17.61628034896508,40,74,49,30,74,52.0,52.0,31.11269837220809,18,74,35.0,39.333333333333336,20.215505600075076,23
2016-10-30 07:40:00,1,1,"[07:40:00,08:00:00)",65,30,7,40,6,1,1,70.0,64.0,104.14285714285714,21.698145630664477,66.33333333333333,3.2145502536643176,64,70,65,65,66,65.5,65.5,0.7071067811865476,42,70,60.0,56.5,12.095453691366853,23
2016-10-30 07:40:00,2,0,"[07:40:00,08:00:00)",16,30,7,40,6,1,1,11.0,6.0,76.85714285714286,33.78080604637576,11.0,5.0,6,16,11,16,42,29.0,29.0,18.384776310850235,3,16,6.0,7.833333333333333,4.792355023020171,23
2016-10-30 07:40:00,3,0,"[07:40:00,08:00:00)",86,30,7,40,6,1,1,78.0,70.0,129.71428571428572,29.26154635760207,78.0,8.0,70,86,78,66,86,76.0,76.0,14.142135623730951,15,86,63.0,57.0,26.892378102354577,23
2016-10-30 07:40:00,3,1,"[07:40:00,08:00:00)",60,30,7,40,6,1,1,59.0,60.0,81.0,16.103829772241554,59.666666666666664,0.5773502691896263,59,60,60,51,60,55.5,55.5,6.363961030678928,21,60,46.5,43.166666666666664,18.562507014589023,23
2016-10-30 15:00:00,1,0,"[15:00:00,15:20:00)",122,30,15,0,6,1,0,74.0,40.0,66.85714285714286,30.612789110808848,134.33333333333334,15.695009822658067,122,152,129,61,122,91.5,91.5,43.1335136523794,110,152,120.0,123.83333333333333,15.419684389333868,45
2016-10-30 15:00:00,1,1,"[15:00:00,15:20:00)",113,30,15,0,6,1,0,65.0,70.0,97.71428571428572,8.22018421760903,119.66666666666667,5.773502691896256,113,123,123,101,113,107.0,107.0,8.48528137423857,105,125,118.0,115.66666666666667,9.266426855410163,45
2016-10-30 15:00:00,2,0,"[15:00:00,15:20:00)",13,30,15,0,6,1,0,16.0,11.0,58.714285714285715,32.99855696700632,21.333333333333332,7.234178138070235,13,26,25,13,76,44.5,44.5,44.54772721475249,13,27,22.0,20.5,6.442049363362563,45
2016-10-30 15:00:00,3,0,"[15:00:00,15:20:00)",153,30,15,0,6,1,0,86.0,78.0,127.85714285714286,16.375068156891967,144.33333333333334,12.503332889007371,130,153,150,122,153,137.5,137.5,21.920310216782973,119,153,131.0,135.66666666666666,13.125039682479695,45
2016-10-30 15:00:00,3,1,"[15:00:00,15:20:00)",165,30,15,0,6,1,0,60.0,59.0,102.71428571428572,32.993505854507625,145.0,20.518284528683193,124,165,146,137,165,151.0,151.0,19.79898987322333,105,165,131.0,130.83333333333334,23.37020895641857,45
2016-10-30 15:20:00,1,0,"[15:20:00,15:40:00)",129,30,15,20,6,1,0,122.0,74.0,62.28571428571429,35.42463495796057,134.33333333333334,15.695009822658067,122,152,129,65,129,97.0,97.0,45.254833995939045,110,152,120.0,123.83333333333333,15.419684389333868,46
2016-10-30 15:20:00,1,1,"[15:20:00,15:40:00)",123,30,15,20,6,1,0,113.0,65.0,103.85714285714286,17.948338562186112,119.66666666666667,5.773502691896256,113,123,123,123,124,123.5,123.5,0.7071067811865476,105,125,118.0,115.66666666666667,9.266426855410163,46
2016-10-30 15:20:00,2,0,"[15:20:00,15:40:00)",25,30,15,20,6,1,0,13.0,16.0,56.28571428571429,27.79516915889214,21.333333333333332,7.234178138070235,13,26,25,25,83,54.0,54.0,41.012193308819754,13,27,22.0,20.5,6.442049363362563,46
2016-10-30 15:20:00,3,0,"[15:20:00,15:40:00)",150,30,15,20,6,1,0,153.0,86.0,119.71428571428572,22.603202470109448,144.33333333333334,12.503332889007371,130,153,150,109,150,129.5,129.5,28.991378028648448,119,153,131.0,135.66666666666666,13.125039682479695,46
2016-10-30 15:20:00,3,1,"[15:20:00,15:40:00)",124,30,15,20,6,1,0,165.0,60.0,97.57142857142857,19.415261547359613,145.0,20.518284528683193,124,165,146,117,124,120.5,120.5,4.949747468305833,105,165,131.0,130.83333333333334,23.37020895641857,46
2016-10-30 15:40:00,1,0,"[15:40:00,16:00:00)",152,30,15,40,6,1,0,129.0,122.0,69.14285714285714,39.608200209167855,134.33333333333334,15.695009822658067,122,152,129,61,152,106.5,106.5,64.34671708797582,110,152,120.0,123.83333333333333,15.419684389333868,47
2016-10-30 15:40:00,1,1,"[15:40:00,16:00:00)",123,30,15,40,6,1,0,123.0,113.0,102.42857142857143,13.364843718467029,119.66666666666667,5.773502691896256,113,123,123,114,123,118.5,118.5,6.363961030678928,105,125,118.0,115.66666666666667,9.266426855410163,47
2016-10-30 15:40:00,2,0,"[15:40:00,16:00:00)",26,30,15,40,6,1,0,25.0,13.0,68.57142857142857,35.40177558097496,21.333333333333332,7.234178138070235,13,26,25,26,74,50.0,50.0,33.94112549695428,13,27,22.0,20.5,6.442049363362563,47
2016-10-30 15:40:00,3,0,"[15:40:00,16:00:00)",130,30,15,40,6,1,0,150.0,153.0,122.85714285714286,27.03348893149983,144.33333333333334,12.503332889007371,130,153,150,130,133,131.5,131.5,2.1213203435596424,119,153,131.0,135.66666666666666,13.125039682479695,47
2016-10-30 15:40:00,3,1,"[15:40:00,16:00:00)",146,30,15,40,6,1,0,124.0,165.0,96.14285714285714,24.53180637070013,145.0,20.518284528683193,124,165,146,89,146,117.5,117.5,40.30508652763321,105,165,131.0,130.83333333333334,23.37020895641857,47
2016-10-30 16:00:00,1,0,"[16:00:00,16:20:00)",118,30,16,0,6,1,0,152.0,129.0,68.14285714285714,26.87891721175149,113.33333333333333,4.163331998932264,110,118,112,60,118,89.0,89.0,41.012193308819754,110,152,120.0,123.83333333333333,15.419684389333868,48
2016-10-30 16:00:00,1,1,"[16:00:00,16:20:00)",105,30,16,0,6,1,0,123.0,123.0,108.0,13.152946437965904,111.66666666666667,11.547005383792513,105,125,105,104,105,104.5,104.5,0.7071067811865476,105,125,118.0,115.66666666666667,9.266426855410163,48
2016-10-30 16:00:00,2,0,"[16:00:00,16:20:00)",13,30,16,0,6,1,0,26.0,25.0,56.714285714285715,29.227351834165464,19.666666666666668,7.023769168568493,13,27,19,13,61,37.0,37.0,33.94112549695428,13,27,22.0,20.5,6.442049363362563,48
2016-10-30 16:00:00,3,0,"[16:00:00,16:20:00)",130,30,16,0,6,1,0,130.0,150.0,129.71428571428572,12.257165057144954,127.0,7.0,119,132,130,122,130,126.0,126.0,5.656854249492381,119,153,131.0,135.66666666666666,13.125039682479695,48
2016-10-30 16:00:00,3,1,"[16:00:00,16:20:00)",107,30,16,0,6,1,0,146.0,124.0,94.85714285714286,12.62838827706016,116.66666666666667,18.502252115170556,105,138,107,95,107,101.0,101.0,8.48528137423857,105,165,131.0,130.83333333333334,23.37020895641857,48
2016-10-30 16:20:00,1,0,"[16:20:00,16:40:00)",112,30,16,20,6,1,0,118.0,152.0,65.71428571428571,27.699063075095072,113.33333333333333,4.163331998932264,110,118,112,58,112,85.0,85.0,38.18376618407357,110,152,120.0,123.83333333333333,15.419684389333868,49
2016-10-30 16:20:00,1,1,"[16:20:00,16:40:00)",105,30,16,20,6,1,0,105.0,123.0,103.57142857142857,8.303757038376117,111.66666666666667,11.547005383792513,105,125,105,105,113,109.0,109.0,5.656854249492381,105,125,118.0,115.66666666666667,9.266426855410163,49
2016-10-30 16:20:00,2,0,"[16:20:00,16:40:00)",27,30,16,20,6,1,0,13.0,26.0,63.85714285714285,31.189894578365024,19.666666666666668,7.023769168568493,13,27,19,27,72,49.5,49.5,31.81980515339464,13,27,22.0,20.5,6.442049363362563,49
2016-10-30 16:20:00,3,0,"[16:20:00,16:40:00)",132,30,16,20,6,1,0,130.0,130.0,133.0,15.362291495737214,127.0,7.0,119,132,130,110,132,121.0,121.0,15.556349186104045,119,153,131.0,135.66666666666666,13.125039682479695,49
2016-10-30 16:20:00,3,1,"[16:20:00,16:40:00)",138,30,16,20,6,1,0,107.0,146.0,104.85714285714286,16.25247233939677,116.66666666666667,18.502252115170556,105,138,107,91,138,114.5,114.5,33.23401871576773,105,165,131.0,130.83333333333334,23.37020895641857,49
2016-10-30 16:40:00,1,0,"[16:40:00,17:00:00)",110,30,16,40,6,1,0,112.0,118.0,63.57142857142857,25.37621683688057,113.33333333333333,4.163331998932264,110,118,112,62,110,86.0,86.0,33.94112549695428,110,152,120.0,123.83333333333333,15.419684389333868,50
2016-10-30 16:40:00,1,1,"[16:40:00,17:00:00)",125,30,16,40,6,1,0,105.0,105.0,110.85714285714286,7.8830740921836515,111.66666666666667,11.547005383792513,105,125,105,108,125,116.5,116.5,12.020815280171307,105,125,118.0,115.66666666666667,9.266426855410163,50
2016-10-30 16:40:00,2,0,"[16:40:00,17:00:00)",19,30,16,40,6,1,0,27.0,13.0,67.28571428571429,35.817659916649525,19.666666666666668,7.023769168568493,13,27,19,19,61,40.0,40.0,29.698484809834994,13,27,22.0,20.5,6.442049363362563,50
2016-10-30 16:40:00,3,0,"[16:40:00,17:00:00)",119,30,16,40,6,1,0,132.0,130.0,118.57142857142857,15.946338585572374,127.0,7.0,119,132,130,119,122,120.5,120.5,2.1213203435596424,119,153,131.0,135.66666666666666,13.125039682479695,50
2016-10-30 16:40:00,3,1,"[16:40:00,17:00:00)",105,30,16,40,6,1,0,138.0,107.0,97.57142857142857,19.552128126772143,116.66666666666667,18.502252115170556,105,138,107,104,105,104.5,104.5,0.7071067811865476,105,165,131.0,130.83333333333334,23.37020895641857,50
2016-10-31 06:00:00,1,0,"[06:00:00,06:20:00)",27,31,6,0,0,0,1,110.0,112.0,14.285714285714285,6.447590912226719,47.0,17.578395831246947,27,60,54,18,27,22.5,22.5,6.363961030678928,27,106,77.5,73.33333333333333,31.123410267299867,18
2016-10-31 06:00:00,1,1,"[06:00:00,06:20:00)",36,31,6,0,0,0,1,125.0,105.0,36.57142857142857,2.992052966172382,51.333333333333336,19.295940851208403,36,73,45,31,36,33.5,33.5,3.5355339059327378,36,115,80.5,76.0,30.867458593152758,18
2016-10-31 06:00:00,2,0,"[06:00:00,06:20:00)",10,31,6,0,0,0,1,19.0,27.0,19.714285714285715,9.655987533033338,11.333333333333334,2.309401076758503,10,14,10,10,27,18.5,18.5,12.020815280171307,10,58,25.5,28.5,20.097263495311992,18
2016-10-31 06:00:00,3,0,"[06:00:00,06:20:00)",26,31,6,0,0,0,1,119.0,132.0,24.142857142857146,4.29839394148448,53.333333333333336,27.50151510977774,26,81,53,26,41,33.5,33.5,10.606601717798213,26,166,114.5,106.0,60.554108035706385,18
2016-10-31 06:00:00,3,1,"[06:00:00,06:20:00)",22,31,6,0,0,0,1,105.0,138.0,21.428571428571427,5.1269595556932455,33.0,13.45362404707371,22,48,29,22,23,22.5,22.5,0.7071067811865476,22,109,58.0,60.666666666666664,34.04506816951123,18
2016-10-31 06:20:00,1,0,"[06:20:00,06:40:00)",54,31,6,20,0,0,1,27.0,110.0,22.428571428571423,14.808298831591502,47.0,17.578395831246947,27,60,54,21,54,37.5,37.5,23.33452377915607,27,106,77.5,73.33333333333333,31.123410267299867,19
2016-10-31 06:20:00,1,1,"[06:20:00,06:40:00)",45,31,6,20,0,0,1,36.0,125.0,47.714285714285715,6.5246784266681335,51.333333333333336,19.295940851208403,36,73,45,45,57,51.0,51.0,8.48528137423857,36,115,80.5,76.0,30.867458593152758,19
2016-10-31 06:20:00,2,0,"[06:20:00,06:40:00)",10,31,6,20,0,0,1,10.0,19.0,24.0,13.686976778431873,11.333333333333334,2.309401076758503,10,14,10,10,39,24.5,24.5,20.506096654409877,10,58,25.5,28.5,20.097263495311992,19
2016-10-31 06:20:00,3,0,"[06:20:00,06:40:00)",53,31,6,20,0,0,1,26.0,119.0,45.42857142857143,6.876460883747853,53.333333333333336,27.50151510977774,26,81,53,53,53,53.0,53.0,0.0,26,166,114.5,106.0,60.554108035706385,19
2016-10-31 06:20:00,3,1,"[06:20:00,06:40:00)",29,31,6,20,0,0,1,22.0,105.0,28.857142857142854,5.698788509515902,33.0,13.45362404707371,22,48,29,29,41,35.0,35.0,8.48528137423857,22,109,58.0,60.666666666666664,34.04506816951123,19
2016-10-31 06:40:00,1,0,"[06:40:00,07:00:00)",60,31,6,40,0,0,1,54.0,27.0,28.714285714285715,14.941154414505437,47.0,17.578395831246947,27,60,54,24,60,42.0,42.0,25.45584412271571,27,106,77.5,73.33333333333333,31.123410267299867,20
2016-10-31 06:40:00,1,1,"[06:40:00,07:00:00)",73,31,6,40,0,0,1,45.0,36.0,60.42857142857143,7.2078000077957896,51.333333333333336,19.295940851208403,36,73,45,59,73,66.0,66.0,9.899494936611665,36,115,80.5,76.0,30.867458593152758,20
2016-10-31 06:40:00,2,0,"[06:40:00,07:00:00)",14,31,6,40,0,0,1,10.0,10.0,34.57142857142857,17.77504939380988,11.333333333333334,2.309401076758503,10,14,10,14,52,33.0,33.0,26.870057685088806,10,58,25.5,28.5,20.097263495311992,20
2016-10-31 06:40:00,3,0,"[06:40:00,07:00:00)",81,31,6,40,0,0,1,53.0,26.0,70.71428571428571,12.802529511966062,53.333333333333336,27.50151510977774,26,81,53,81,105,93.0,93.0,16.97056274847714,26,166,114.5,106.0,60.554108035706385,20
2016-10-31 06:40:00,3,1,"[06:40:00,07:00:00)",48,31,6,40,0,0,1,29.0,22.0,41.142857142857146,9.58172864411865,33.0,13.45362404707371,22,48,29,48,60,54.0,54.0,8.48528137423857,22,109,58.0,60.666666666666664,34.04506816951123,20
2016-10-31 07:00:00,1,0,"[07:00:00,07:20:00)",95,31,7,0,0,0,1,60.0,54.0,39.285714285714285,26.20886800120833,99.66666666666667,5.686240703077325,95,106,98,35,95,65.0,65.0,42.42640687119285,27,106,77.5,73.33333333333333,31.123410267299867,21
2016-10-31 07:00:00,1,1,"[07:00:00,07:20:00)",88,31,7,0,0,0,1,73.0,45.0,70.42857142857143,11.956269524913738,100.66666666666667,13.576941236277532,88,115,99,76,88,82.0,82.0,8.48528137423857,36,115,80.5,76.0,30.867458593152758,21
2016-10-31 07:00:00,2,0,"[07:00:00,07:20:00)",37,31,7,0,0,0,1,14.0,10.0,52.85714285714285,27.7634566257432,45.666666666666664,10.96965511460289,37,58,42,37,104,70.5,70.5,47.37615433949868,10,58,25.5,28.5,20.097263495311992,21
2016-10-31 07:00:00,3,0,"[07:00:00,07:20:00)",148,31,7,0,0,0,1,81.0,53.0,111.57142857142857,31.55343162984096,158.66666666666666,9.451631252505218,148,166,162,148,150,149.0,149.0,1.4142135623730951,26,166,114.5,106.0,60.554108035706385,21
2016-10-31 07:00:00,3,1,"[07:00:00,07:20:00)",68,31,7,0,0,0,1,48.0,29.0,56.85714285714285,6.618876325292972,88.33333333333333,20.50203241957571,68,109,88,68,75,71.5,71.5,4.949747468305833,22,109,58.0,60.666666666666664,34.04506816951123,21
2016-10-31 07:20:00,1,0,"[07:20:00,07:40:00)",98,31,7,20,0,0,1,95.0,60.0,45.42857142857143,23.308490176022005,99.66666666666667,5.686240703077325,95,106,98,34,98,66.0,66.0,45.254833995939045,27,106,77.5,73.33333333333333,31.123410267299867,22
2016-10-31 07:20:00,1,1,"[07:20:00,07:40:00)",99,31,7,20,0,0,1,88.0,73.0,90.85714285714286,11.922367933546472,100.66666666666667,13.576941236277532,88,115,99,99,116,107.5,107.5,12.020815280171307,36,115,80.5,76.0,30.867458593152758,22
2016-10-31 07:20:00,2,0,"[07:20:00,07:40:00)",42,31,7,20,0,0,1,37.0,14.0,67.42857142857143,33.11020559111215,45.666666666666664,10.96965511460289,37,58,42,42,111,76.5,76.5,48.79036790187178,10,58,25.5,28.5,20.097263495311992,22
2016-10-31 07:20:00,3,0,"[07:20:00,07:40:00)",166,31,7,20,0,0,1,148.0,81.0,112.85714285714286,30.899992294651533,158.66666666666666,9.451631252505218,148,166,162,148,166,157.0,157.0,12.727922061357855,26,166,114.5,106.0,60.554108035706385,22
2016-10-31 07:20:00,3,1,"[07:20:00,07:40:00)",88,31,7,20,0,0,1,68.0,48.0,75.57142857142857,14.931590034299125,88.33333333333333,20.50203241957571,68,109,88,88,101,94.5,94.5,9.192388155425117,22,109,58.0,60.666666666666664,34.04506816951123,22
2016-10-31 07:40:00,1,0,"[07:40:00,08:00:00)",106,31,7,40,0,0,1,98.0,95.0,54.42857142857143,27.054618477302185,99.66666666666667,5.686240703077325,95,106,98,43,106,74.5,74.5,44.54772721475249,27,106,77.5,73.33333333333333,31.123410267299867,23
2016-10-31 07:40:00,1,1,"[07:40:00,08:00:00)",115,31,7,40,0,0,1,99.0,88.0,104.14285714285714,21.698145630664477,100.66666666666667,13.576941236277532,88,115,99,115,126,120.5,120.5,7.7781745930520225,36,115,80.5,76.0,30.867458593152758,23
2016-10-31 07:40:00,2,0,"[07:40:00,08:00:00)",58,31,7,40,0,0,1,42.0,37.0,76.85714285714286,33.78080604637576,45.666666666666664,10.96965511460289,37,58,42,58,123,90.5,90.5,45.96194077712559,10,58,25.5,28.5,20.097263495311992,23
2016-10-31 07:40:00,3,0,"[07:40:00,08:00:00)",162,31,7,40,0,0,1,166.0,148.0,129.71428571428572,29.26154635760207,158.66666666666666,9.451631252505218,148,166,162,162,171,166.5,166.5,6.363961030678928,26,166,114.5,106.0,60.554108035706385,23
2016-10-31 07:40:00,3,1,"[07:40:00,08:00:00)",109,31,7,40,0,0,1,88.0,68.0,81.0,16.103829772241554,88.33333333333333,20.50203241957571,68,109,88,99,109,104.0,104.0,7.0710678118654755,22,109,58.0,60.666666666666664,34.04506816951123,23
2016-10-31 15:00:00,1,0,"[15:00:00,15:20:00)",94,31,15,0,0,0,0,106.0,98.0,66.85714285714286,30.612789110808848,92.0,3.4641016151377544,88,94,94,50,94,72.0,72.0,31.11269837220809,85,94,90.5,90.33333333333333,3.8297084310253524,45
2016-10-31 15:00:00,1,1,"[15:00:00,15:20:00)",96,31,15,0,0,0,0,115.0,99.0,97.71428571428572,8.22018421760903,101.0,5.0,96,106,101,82,96,89.0,89.0,9.899494936611665,96,107,100.0,100.83333333333333,4.792355023020171,45
2016-10-31 15:00:00,2,0,"[15:00:00,15:20:00)",13,31,15,0,0,0,0,58.0,42.0,58.714285714285715,32.99855696700632,14.333333333333334,2.3094010767585034,13,17,13,13,67,40.0,40.0,38.18376618407357,12,19,15.0,15.166666666666666,2.8577380332470415,45
2016-10-31 15:00:00,3,0,"[15:00:00,15:20:00)",111,31,15,0,0,0,0,162.0,166.0,127.85714285714286,16.375068156891967,100.66666666666667,9.073771725877467,94,111,97,111,141,126.0,126.0,21.213203435596427,94,128,106.0,107.0,12.13260071048248,45
2016-10-31 15:00:00,3,1,"[15:00:00,15:20:00)",80,31,15,0,0,0,0,109.0,88.0,102.71428571428572,32.993505854507625,83.66666666666667,5.507570547286103,80,90,81,80,80,80.0,80.0,0.0,68,92,80.5,80.66666666666667,9.33095207718198,45
2016-10-31 15:20:00,1,0,"[15:20:00,15:40:00)",94,31,15,20,0,0,0,94.0,106.0,62.28571428571429,35.42463495796057,92.0,3.4641016151377544,88,94,94,47,94,70.5,70.5,33.23401871576773,85,94,90.5,90.33333333333333,3.8297084310253524,46
2016-10-31 15:20:00,1,1,"[15:20:00,15:40:00)",101,31,15,20,0,0,0,96.0,115.0,103.85714285714286,17.948338562186112,101.0,5.0,96,106,101,80,101,90.5,90.5,14.849242404917497,96,107,100.0,100.83333333333333,4.792355023020171,46
2016-10-31 15:20:00,2,0,"[15:20:00,15:40:00)",17,31,15,20,0,0,0,13.0,58.0,56.28571428571429,27.79516915889214,14.333333333333334,2.3094010767585034,13,17,13,17,73,45.0,45.0,39.59797974644666,12,19,15.0,15.166666666666666,2.8577380332470415,46
2016-10-31 15:20:00,3,0,"[15:20:00,15:40:00)",97,31,15,20,0,0,0,111.0,162.0,119.71428571428572,22.603202470109448,100.66666666666667,9.073771725877467,94,111,97,97,105,101.0,101.0,5.656854249492381,94,128,106.0,107.0,12.13260071048248,46
2016-10-31 15:20:00,3,1,"[15:20:00,15:40:00)",90,31,15,20,0,0,0,80.0,109.0,97.57142857142857,19.415261547359613,83.66666666666667,5.507570547286103,80,90,81,90,102,96.0,96.0,8.48528137423857,68,92,80.5,80.66666666666667,9.33095207718198,46
2016-10-31 15:40:00,1,0,"[15:40:00,16:00:00)",88,31,15,40,0,0,0,94.0,94.0,69.14285714285714,39.608200209167855,92.0,3.4641016151377544,88,94,94,26,88,57.0,57.0,43.840620433565945,85,94,90.5,90.33333333333333,3.8297084310253524,47
2016-10-31 15:40:00,1,1,"[15:40:00,16:00:00)",106,31,15,40,0,0,0,101.0,96.0,102.42857142857143,13.364843718467029,101.0,5.0,96,106,101,103,106,104.5,104.5,2.1213203435596424,96,107,100.0,100.83333333333333,4.792355023020171,47
2016-10-31 15:40:00,2,0,"[15:40:00,16:00:00)",13,31,15,40,0,0,0,17.0,13.0,68.57142857142857,35.40177558097496,14.333333333333334,2.3094010767585034,13,17,13,13,71,42.0,42.0,41.012193308819754,12,19,15.0,15.166666666666666,2.8577380332470415,47
2016-10-31 15:40:00,3,0,"[15:40:00,16:00:00)",94,31,15,40,0,0,0,97.0,111.0,122.85714285714286,27.03348893149983,100.66666666666667,9.073771725877467,94,111,97,94,105,99.5,99.5,7.7781745930520225,94,128,106.0,107.0,12.13260071048248,47
2016-10-31 15:40:00,3,1,"[15:40:00,16:00:00)",81,31,15,40,0,0,0,90.0,80.0,96.14285714285714,24.53180637070013,83.66666666666667,5.507570547286103,80,90,81,71,81,76.0,76.0,7.0710678118654755,68,92,80.5,80.66666666666667,9.33095207718198,47
2016-10-31 16:00:00,1,0,"[16:00:00,16:20:00)",85,31,16,0,0,0,0,88.0,94.0,68.14285714285714,26.87891721175149,88.66666666666667,4.041451884327381,85,93,88,49,85,67.0,67.0,25.45584412271571,85,94,90.5,90.33333333333333,3.8297084310253524,48
2016-10-31 16:00:00,1,1,"[16:00:00,16:20:00)",96,31,16,0,0,0,0,106.0,101.0,108.0,13.152946437965904,100.66666666666667,5.686240703077328,96,107,99,96,99,97.5,97.5,2.1213203435596424,96,107,100.0,100.83333333333333,4.792355023020171,48
2016-10-31 16:00:00,2,0,"[16:00:00,16:20:00)",19,31,16,0,0,0,0,13.0,17.0,56.714285714285715,29.227351834165464,16.0,3.605551275463989,12,19,17,19,69,44.0,44.0,35.35533905932738,12,19,15.0,15.166666666666666,2.8577380332470415,48
2016-10-31 16:00:00,3,0,"[16:00:00,16:20:00)",128,31,16,0,0,0,0,94.0,97.0,129.71428571428572,12.257165057144954,113.33333333333333,12.858201014657272,104,128,108,115,128,121.5,121.5,9.192388155425117,94,128,106.0,107.0,12.13260071048248,48
2016-10-31 16:00:00,3,1,"[16:00:00,16:20:00)",73,31,16,0,0,0,0,81.0,90.0,94.85714285714286,12.62838827706016,77.66666666666667,12.662279942148388,68,92,73,73,101,87.0,87.0,19.79898987322333,68,92,80.5,80.66666666666667,9.33095207718198,48
2016-10-31 16:20:00,1,0,"[16:20:00,16:40:00)",93,31,16,20,0,0,0,85.0,88.0,65.71428571428571,27.699063075095072,88.66666666666667,4.041451884327381,85,93,88,50,93,71.5,71.5,30.405591591021544,85,94,90.5,90.33333333333333,3.8297084310253524,49
2016-10-31 16:20:00,1,1,"[16:20:00,16:40:00)",107,31,16,20,0,0,0,96.0,106.0,103.57142857142857,8.303757038376117,100.66666666666667,5.686240703077328,96,107,99,107,108,107.5,107.5,0.7071067811865476,96,107,100.0,100.83333333333333,4.792355023020171,49
2016-10-31 16:20:00,2,0,"[16:20:00,16:40:00)",12,31,16,20,0,0,0,19.0,13.0,63.85714285714285,31.189894578365024,16.0,3.605551275463989,12,19,17,12,75,43.5,43.5,44.54772721475249,12,19,15.0,15.166666666666666,2.8577380332470415,49
2016-10-31 16:20:00,3,0,"[16:20:00,16:40:00)",108,31,16,20,0,0,0,128.0,94.0,133.0,15.362291495737214,113.33333333333333,12.858201014657272,104,128,108,100,108,104.0,104.0,5.656854249492381,94,128,106.0,107.0,12.13260071048248,49
2016-10-31 16:20:00,3,1,"[16:20:00,16:40:00)",92,31,16,20,0,0,0,73.0,81.0,104.85714285714286,16.25247233939677,77.66666666666667,12.662279942148388,68,92,73,80,92,86.0,86.0,8.48528137423857,68,92,80.5,80.66666666666667,9.33095207718198,49
2016-10-31 16:40:00,1,0,"[16:40:00,17:00:00)",88,31,16,40,0,0,0,93.0,85.0,63.57142857142857,25.37621683688057,88.66666666666667,4.041451884327381,85,93,88,44,88,66.0,66.0,31.11269837220809,85,94,90.5,90.33333333333333,3.8297084310253524,50
2016-10-31 16:40:00,1,1,"[16:40:00,17:00:00)",99,31,16,40,0,0,0,107.0,96.0,110.85714285714286,7.8830740921836515,100.66666666666667,5.686240703077328,96,107,99,99,103,101.0,101.0,2.8284271247461903,96,107,100.0,100.83333333333333,4.792355023020171,50
2016-10-31 16:40:00,2,0,"[16:40:00,17:00:00)",17,31,16,40,0,0,0,12.0,19.0,67.28571428571429,35.817659916649525,16.0,3.605551275463989,12,19,17,17,80,48.5,48.5,44.54772721475249,12,19,15.0,15.166666666666666,2.8577380332470415,50
2016-10-31 16:40:00,3,0,"[16:40:00,17:00:00)",104,31,16,40,0,0,0,108.0,128.0,118.57142857142857,15.946338585572374,113.33333333333333,12.858201014657272,104,128,108,104,130,117.0,117.0,18.384776310850235,94,128,106.0,107.0,12.13260071048248,50
2016-10-31 16:40:00,3,1,"[16:40:00,17:00:00)",68,31,16,40,0,0,0,92.0,73.0,97.57142857142857,19.552128126772143,77.66666666666667,12.662279942148388,68,92,73,68,81,74.5,74.5,9.192388155425117,68,92,80.5,80.66666666666667,9.33095207718198,50
